cod;nome;per√≠odo;de-homens-por-armas-de-fogo;de-jovens-homens;de-jovens-mulheres;de-jovens-por-armas-de-fogo;de-jovens;de-mulheres-por-armas-de-fogo;homens-nao-negros;homens-negros;homens;homicidios;mulheres-nao-negras;mulheres-negras;mulheres;nao-negros;negros;por-armas-de-fogo
12;AC;1979;;14;0;;;;;;;;;;;;;13
12;AC;1980;;14;2;;;;;;;;;;;;;12
12;AC;1981;;13;1;;;;;;;;;;;;;8
12;AC;1982;;16;2;;;;;;;;;;;;;18
12;AC;1983;;16;3;;;;;;;;;;;;;12
12;AC;1984;;13;3;;;;;;;;;;;;;13
12;AC;1985;;27;2;;;;;;;;;;;;;23
12;AC;1986;;24;2;;;;;;;;;;;;;25
12;AC;1987;;42;9;;;;;;;;;;;;;51
12;AC;1988;;31;3;;;;;;;;;;;;;43
12;AC;1989;45.0;52;4;28.0;56.0;3.0;;;89.0;95.0;;;6.0;;;48
12;AC;1990;29.0;29;4;18.0;33.0;4.0;;;58.0;64.0;;;6.0;;;33
12;AC;1991;56.0;53;6;38.0;59.0;7.0;;;97.0;106.0;;;9.0;;;63
12;AC;1992;46.0;51;10;34.0;61.0;7.0;;;94.0;107.0;;;13.0;;;53
12;AC;1993;55.0;62;3;36.0;66.0;5.0;;;101.0;116.0;;;12.0;;;61
12;AC;1994;36.0;43;5;23.0;48.0;5.0;;;77.0;88.0;;;11.0;;;41
12;AC;1995;48.0;47;5;32.0;52.0;9.0;;;86.0;103.0;;;16.0;;;57
12;AC;1996;56.0;42;7;28.0;49.0;5.0;1.0;0.0;89.0;104.0;0.0;0.0;15.0;1.0;0.0;61
12;AC;1997;49.0;55;4;37.0;59.0;6.0;7.0;3.0;86.0;100.0;0.0;3.0;14.0;7.0;6.0;55
12;AC;1998;53.0;55;4;34.0;59.0;5.0;10.0;21.0;98.0;110.0;1.0;1.0;12.0;11.0;22.0;58
12;AC;1999;12.0;22;4;6.0;26.0;2.0;12.0;15.0;44.0;51.0;3.0;2.0;7.0;15.0;17.0;14
12;AC;2000;35.0;58;9;21.0;67.0;4.0;44.0;44.0;93.0;106.0;5.0;7.0;13.0;49.0;51.0;39
12;AC;2001;51.0;64;8;36.0;72.0;3.0;31.0;65.0;109.0;121.0;4.0;5.0;12.0;35.0;70.0;54
12;AC;2002;63.0;84;6;40.0;90.0;3.0;43.0;92.0;140.0;151.0;3.0;8.0;11.0;46.0;100.0;66
12;AC;2003;52.0;69;9;31.0;78.0;5.0;35.0;91.0;132.0;147.0;6.0;7.0;15.0;41.0;98.0;57
12;AC;2004;42.0;71;4;31.0;75.0;7.0;24.0;73.0;104.0;114.0;3.0;7.0;10.0;27.0;80.0;49
12;AC;2005;35.0;60;7;18.0;67.0;1.0;26.0;79.0;111.0;124.0;5.0;8.0;13.0;31.0;87.0;36
12;AC;2006;48.0;81;4;23.0;85.0;2.0;36.0;94.0;143.0;158.0;6.0;8.0;15.0;42.0;102.0;50
12;AC;2007;47.0;64;8;30.0;72.0;4.0;26.0;82.0;119.0;137.0;8.0;9.0;18.0;34.0;91.0;51
12;AC;2008;40.0;71;5;27.0;76.0;0.0;18.0;69.0;120.0;133.0;5.0;5.0;13.0;23.0;74.0;40
12;AC;2009;59.0;72;6;33.0;78.0;2.0;10.0;97.0;137.0;153.0;6.0;6.0;16.0;16.0;103.0;61
12;AC;2010;56.0;67;7;34.0;74.0;7.0;25.0;83.0;146.0;165.0;3.0;13.0;19.0;28.0;96.0;63
12;AC;2011;45.0;64;9;26.0;73.0;5.0;12.0;88.0;146.0;164.0;4.0;11.0;18.0;16.0;99.0;50
12;AC;2012;81.0;95;6;45.0;101.0;4.0;17.0;157.0;192.0;208.0;1.0;14.0;16.0;18.0;171.0;85
12;AC;2013;86.0;107;12;58.0;119.0;9.0;20.0;165.0;202.0;234.0;3.0;29.0;32.0;23.0;194.0;95
12;AC;2014;109.0;101;10;59.0;111.0;6.0;35.0;171.0;212.0;232.0;4.0;16.0;20.0;39.0;187.0;115
12;AC;2015;111.0;94;11;65.0;105.0;5.0;25.0;169.0;198.0;217.0;5.0;14.0;19.0;30.0;183.0;116
12;AC;2016;215.0;181;13;127.0;194.0;11.0;39.0;288.0;340.0;363.0;4.0;19.0;23.0;43.0;307.0;226
12;AC;2017;366.0;281;16;236.0;297.0;17.0;68.0;404.0;481.0;516.0;9.0;24.0;34.0;77.0;428.0;384
12;AC;2018;289.0;222;13;189.0;235.0;22.0;43.0;322.0;374.0;409.0;6.0;28.0;35.0;49.0;350.0;311
12;AC;2019;205.0;163;11;123.0;174.0;17.0;30.0;252.0;290.0;325.0;5.0;25.0;32.0;35.0;277.0;222
12;AC;2020;211.0;149;15;134.0;164.0;16.0;32.0;232.0;273.0;304.0;6.0;21.0;27.0;38.0;253.0;228
12;AC;2021;112.0;84;10;67.0;94.0;6.0;18.0;158.0;176.0;205.0;2.0;26.0;28.0;20.0;184.0;118
27;AL;1979;;104;6;;;;;;;;;;;;;131
27;AL;1980;;112;19;;;;;;;;;;;;;148
27;AL;1981;;121;27;;;;;;;;;;;;;190
27;AL;1982;;152;15;;;;;;;;;;;;;185
27;AL;1983;;203;24;;;;;;;;;;;;;267
27;AL;1984;;185;18;;;;;;;;;;;;;304
27;AL;1985;;173;34;;;;;;;;;;;;;281
27;AL;1986;;197;19;;;;;;;;;;;;;282
27;AL;1987;;213;29;;;;;;;;;;;;;274
27;AL;1988;;281;24;;;;;;;;;;;;;342
27;AL;1989;310.0;310;29;143.0;339.0;21.0;;;739.0;805.0;;;66.0;;;331
27;AL;1990;261.0;263;20;116.0;284.0;12.0;;;663.0;719.0;;;55.0;;;273
27;AL;1991;234.0;219;19;99.0;239.0;18.0;;;590.0;665.0;;;67.0;;;257
27;AL;1992;267.0;219;24;131.0;243.0;17.0;;;538.0;591.0;;;53.0;;;284
27;AL;1993;322.0;223;15;147.0;238.0;29.0;;;569.0;619.0;;;50.0;;;351
27;AL;1994;360.0;236;21;166.0;257.0;24.0;;;567.0;615.0;;;48.0;;;384
27;AL;1995;447.0;262;29;203.0;291.0;38.0;;;680.0;742.0;;;62.0;;;485
27;AL;1996;472.0;295;32;233.0;327.0;43.0;0.0;0.0;671.0;741.0;0.0;0.0;70.0;0.0;0.0;515
27;AL;1997;436.0;225;33;196.0;258.0;43.0;43.0;124.0;580.0;642.0;4.0;8.0;62.0;47.0;132.0;479
27;AL;1998;386.0;234;26;192.0;260.0;28.0;47.0;216.0;537.0;582.0;8.0;18.0;45.0;55.0;234.0;414
27;AL;1999;353.0;252;21;202.0;273.0;29.0;47.0;338.0;499.0;554.0;7.0;30.0;55.0;54.0;368.0;382
27;AL;2000;234.0;365;30;277.0;395.0;33.0;92.0;487.0;663.0;727.0;10.0;46.0;64.0;102.0;533.0;484
27;AL;2001;184.0;456;23;369.0;480.0;29.0;95.0;557.0;775.0;830.0;11.0;31.0;54.0;106.0;589.0;604
27;AL;2002;186.0;529;30;435.0;559.0;45.0;99.0;616.0;921.0;991.0;7.0;39.0;70.0;106.0;655.0;720
27;AL;2003;157.0;586;29;476.0;615.0;34.0;58.0;591.0;972.0;1039.0;5.0;39.0;67.0;63.0;630.0;774
27;AL;2004;213.0;589;34;481.0;623.0;35.0;43.0;666.0;960.0;1035.0;9.0;42.0;75.0;52.0;708.0;754
27;AL;2005;251.0;660;36;537.0;696.0;36.0;61.0;766.0;1129.0;1203.0;8.0;46.0;74.0;69.0;812.0;909
27;AL;2006;357.0;925;55;823.0;980.0;64.0;62.0;1012.0;1514.0;1620.0;6.0;66.0;106.0;68.0;1078.0;1308
27;AL;2007;390.0;1046;56;959.0;1102.0;74.0;65.0;1179.0;1727.0;1836.0;11.0;68.0;109.0;76.0;1247.0;1552
27;AL;2008;426.0;1101;41;1018.0;1142.0;55.0;55.0;1465.0;1804.0;1887.0;3.0;71.0;83.0;58.0;1536.0;1596
27;AL;2009;544.0;1060;55;969.0;1115.0;81.0;46.0;1499.0;1762.0;1873.0;2.0;96.0;111.0;48.0;1595.0;1560
27;AL;2010;607.0;1223;64;1118.0;1287.0;88.0;42.0;1592.0;1950.0;2087.0;6.0;104.0;137.0;48.0;1696.0;1721
27;AL;2011;847.0;1260;61;1178.0;1321.0;94.0;67.0;1899.0;2106.0;2244.0;7.0;114.0;138.0;74.0;2013.0;1913
27;AL;2012;803.0;1166;65;1099.0;1231.0;100.0;73.0;1789.0;1913.0;2046.0;12.0;116.0;133.0;85.0;1905.0;1737
27;AL;2013;662.0;1250;62;1177.0;1313.0;103.0;94.0;1845.0;2005.0;2148.0;18.0;117.0;142.0;113.0;1962.0;1860
27;AL;2014;729.0;1176;67;1117.0;1243.0;85.0;71.0;1829.0;1960.0;2085.0;4.0;118.0;125.0;75.0;1947.0;1806
27;AL;2015;886.0;1009;40;928.0;1049.0;61.0;54.0;1566.0;1653.0;1748.0;1.0;90.0;95.0;55.0;1656.0;1476
27;AL;2016;748.0;1038;41;959.0;1079.0;72.0;28.0;1665.0;1718.0;1820.0;6.0;91.0;101.0;34.0;1757.0;1546
27;AL;2017;924.0;1091;43;993.0;1134.0;77.0;29.0;1636.0;1702.0;1813.0;1.0;104.0;111.0;30.0;1740.0;1526
27;AL;2018;910.0;818;25;727.0;843.0;44.0;22.0;1120.0;1374.0;1441.0;3.0;55.0;67.0;25.0;1175.0;1179
27;AL;2019;930.0;581;39;507.0;620.0;47.0;9.0;993.0;1025.0;1115.0;0.0;89.0;90.0;9.0;1082.0;833
27;AL;2020;743.0;721;39;546.0;760.0;42.0;10.0;1165.0;1203.0;1292.0;0.0;88.0;89.0;10.0;1253.0;869
27;AL;2021;1198.0;604;24;474.0;628.0;29.0;12.0;979.0;1005.0;1070.0;0.0;65.0;65.0;12.0;1044.0;736
13;AM;1979;;80;4;;;;;;;;;;;;;55
13;AM;1980;;64;9;;;;;;;;;;;;;46
13;AM;1981;;73;7;;;;;;;;;;;;;52
13;AM;1982;;68;8;;;;;;;;;;;;;58
13;AM;1983;;84;6;;;;;;;;;;;;;60
13;AM;1984;;110;10;;;;;;;;;;;;;83
13;AM;1985;;84;9;;;;;;;;;;;;;85
13;AM;1986;;89;5;;;;;;;;;;;;;75
13;AM;1987;;103;9;;;;;;;;;;;;;101
13;AM;1988;;110;15;;;;;;;;;;;;;106
13;AM;1989;136.0;141;20;82.0;161.0;9.0;;;289.0;321.0;;;31.0;;;146
13;AM;1990;184.0;193;14;119.0;207.0;14.0;;;332.0;367.0;;;31.0;;;201
13;AM;1991;222.0;231;10;141.0;241.0;11.0;;;384.0;403.0;;;18.0;;;233
13;AM;1992;157.0;170;8;81.0;178.0;7.0;;;321.0;351.0;;;26.0;;;168
13;AM;1993;161.0;169;17;96.0;186.0;10.0;;;316.0;350.0;;;33.0;;;172
13;AM;1994;171.0;218;13;110.0;231.0;13.0;;;359.0;387.0;;;27.0;;;184
13;AM;1995;170.0;221;21;113.0;242.0;14.0;;;383.0;425.0;;;42.0;;;184
13;AM;1996;204.0;245;16;132.0;261.0;16.0;0.0;0.0;417.0;450.0;0.0;0.0;33.0;0.0;0.0;220
13;AM;1997;187.0;257;19;124.0;277.0;13.0;36.0;353.0;433.0;468.0;4.0;25.0;33.0;40.0;380.0;202
13;AM;1998;206.0;309;33;139.0;342.0;22.0;26.0;404.0;481.0;534.0;2.0;45.0;52.0;28.0;449.0;228
13;AM;1999;203.0;292;24;137.0;316.0;19.0;33.0;422.0;475.0;527.0;4.0;45.0;51.0;38.0;467.0;222
13;AM;2000;437.0;331;21;165.0;352.0;13.0;42.0;454.0;516.0;552.0;6.0;28.0;36.0;48.0;482.0;247
13;AM;2001;497.0;258;27;124.0;285.0;15.0;50.0;371.0;430.0;485.0;8.0;45.0;55.0;58.0;416.0;199
13;AM;2002;661.0;295;17;116.0;312.0;15.0;53.0;415.0;478.0;513.0;7.0;27.0;35.0;60.0;442.0;201
13;AM;2003;826.0;324;19;111.0;343.0;14.0;47.0;465.0;523.0;558.0;5.0;30.0;35.0;52.0;495.0;171
13;AM;2004;927.0;290;19;136.0;309.0;14.0;63.0;406.0;477.0;526.0;13.0;34.0;49.0;76.0;440.0;227
13;AM;2005;1139.0;333;23;161.0;356.0;13.0;66.0;466.0;551.0;599.0;7.0;40.0;48.0;73.0;506.0;264
13;AM;2006;1223.0;402;26;237.0;428.0;22.0;77.0;551.0;646.0;699.0;18.0;33.0;53.0;95.0;584.0;379
13;AM;2007;1327.0;405;28;265.0;433.0;25.0;38.0;605.0;663.0;715.0;7.0;43.0;52.0;45.0;648.0;415
13;AM;2008;1837.0;455;26;287.0;481.0;20.0;40.0;711.0;767.0;830.0;7.0;56.0;63.0;47.0;767.0;446
13;AM;2009;1953.0;519;21;359.0;540.0;28.0;37.0;786.0;849.0;916.0;7.0;60.0;67.0;44.0;846.0;572
13;AM;2010;2373.0;602;32;405.0;634.0;28.0;71.0;920.0;1017.0;1082.0;5.0;60.0;65.0;76.0;980.0;635
13;AM;2011;1968.0;762;29;590.0;791.0;32.0;131.0;1065.0;1210.0;1292.0;15.0;66.0;81.0;146.0;1131.0;879
13;AM;2012;2013.0;684;48;508.0;732.0;52.0;121.0;1094.0;1225.0;1344.0;28.0;89.0;118.0;150.0;1183.0;855
13;AM;2013;2099.0;628;31;443.0;659.0;33.0;122.0;955.0;1095.0;1191.0;22.0;71.0;96.0;144.0;1026.0;695
13;AM;2014;2170.0;644;34;451.0;678.0;33.0;92.0;1038.0;1159.0;1240.0;13.0;64.0;80.0;105.0;1102.0;762
13;AM;2015;2389.0;755;54;549.0;809.0;44.0;100.0;1242.0;1357.0;1472.0;18.0;96.0;115.0;118.0;1338.0;930
13;AM;2016;2866.0;729;53;480.0;782.0;43.0;84.0;1231.0;1335.0;1452.0;22.0;93.0;116.0;106.0;1324.0;791
13;AM;2017;3157.0;897;46;605.0;943.0;51.0;130.0;1418.0;1559.0;1674.0;16.0;98.0;115.0;146.0;1516.0;975
13;AM;2018;3231.0;795;64;599.0;859.0;51.0;106.0;1300.0;1415.0;1542.0;15.0;110.0;127.0;121.0;1410.0;961
13;AM;2019;2200.0;861;56;628.0;917.0;49.0;172.0;1284.0;1472.0;1592.0;25.0;93.0;118.0;197.0;1377.0;981
13;AM;2020;1782.0;680;45;485.0;725.0;39.0;125.0;1093.0;1241.0;1326.0;18.0;66.0;85.0;143.0;1159.0;782
13;AM;2021;1833.0;991;60;813.0;1051.0;73.0;137.0;1505.0;1679.0;1816.0;24.0;111.0;135.0;161.0;1616.0;1272
16;AP;1979;;7;1;;;;;;;;;;;;;5
16;AP;1980;;6;0;;;;;;;;;;;;;2
16;AP;1981;;9;2;;;;;;;;;;;;;4
16;AP;1982;;9;1;;;;;;;;;;;;;8
16;AP;1983;;19;4;;;;;;;;;;;;;12
16;AP;1984;;14;3;;;;;;;;;;;;;12
16;AP;1985;;16;2;;;;;;;;;;;;;15
16;AP;1986;;15;2;;;;;;;;;;;;;7
16;AP;1987;;9;4;;;;;;;;;;;;;9
16;AP;1988;;12;0;;;;;;;;;;;;;5
16;AP;1989;19.0;27;2;13.0;29.0;1.0;;;36.0;39.0;;;3.0;;;20
16;AP;1990;14.0;18;3;11.0;22.0;2.0;;;40.0;46.0;;;5.0;;;17
16;AP;1991;17.0;28;2;9.0;30.0;2.0;;;49.0;54.0;;;5.0;;;19
16;AP;1992;35.0;41;2;24.0;43.0;3.0;;;69.0;73.0;;;4.0;;;38
16;AP;1993;37.0;34;2;26.0;36.0;2.0;;;61.0;66.0;;;5.0;;;39
16;AP;1994;49.0;63;6;33.0;69.0;4.0;;;109.0;125.0;;;16.0;;;53
16;AP;1995;54.0;70;2;34.0;72.0;3.0;;;113.0;124.0;;;11.0;;;57
16;AP;1996;80.0;80;11;54.0;91.0;9.0;0.0;0.0;141.0;157.0;0.0;0.0;16.0;0.0;0.0;89
16;AP;1997;51.0;80;5;31.0;85.0;6.0;13.0;73.0;128.0;140.0;2.0;7.0;12.0;15.0;80.0;57
16;AP;1998;64.0;92;5;43.0;97.0;7.0;8.0;134.0;148.0;160.0;3.0;9.0;12.0;11.0;143.0;71
16;AP;1999;55.0;113;11;41.0;124.0;5.0;10.0;163.0;175.0;192.0;1.0;16.0;17.0;11.0;179.0;60
16;AP;2000;43.0;105;2;24.0;107.0;2.0;12.0;124.0;152.0;156.0;0.0;4.0;4.0;12.0;128.0;33
16;AP;2001;41.0;108;7;21.0;115.0;1.0;13.0;155.0;170.0;182.0;2.0;9.0;12.0;15.0;164.0;43
16;AP;2002;43.0;115;5;28.0;120.0;5.0;14.0;149.0;169.0;181.0;4.0;8.0;12.0;18.0;157.0;50
16;AP;2003;38.0;125;8;51.0;133.0;5.0;9.0;159.0;170.0;185.0;2.0;12.0;15.0;11.0;171.0;70
16;AP;2004;30.0;108;8;51.0;116.0;5.0;9.0;146.0;157.0;172.0;1.0;14.0;15.0;10.0;160.0;74
16;AP;2005;26.0;117;6;33.0;123.0;5.0;20.0;159.0;181.0;196.0;2.0;13.0;15.0;22.0;172.0;55
16;AP;2006;35.0;125;3;49.0;128.0;0.0;11.0;176.0;189.0;202.0;3.0;10.0;13.0;14.0;186.0;75
16;AP;2007;26.0;107;7;40.0;114.0;5.0;17.0;132.0;160.0;172.0;4.0;8.0;12.0;21.0;140.0;60
16;AP;2008;27.0;137;4;46.0;141.0;3.0;6.0;183.0;196.0;210.0;0.0;13.0;13.0;6.0;196.0;65
16;AP;2009;23.0;104;4;43.0;108.0;3.0;9.0;158.0;178.0;190.0;2.0;10.0;12.0;11.0;168.0;69
16;AP;2010;27.0;164;4;72.0;168.0;5.0;26.0;191.0;244.0;260.0;2.0;14.0;16.0;28.0;205.0;103
16;AP;2011;25.0;112;10;53.0;122.0;9.0;24.0;163.0;190.0;209.0;3.0;16.0;19.0;27.0;179.0;80
16;AP;2012;29.0;156;8;81.0;164.0;6.0;19.0;200.0;236.0;253.0;2.0;15.0;17.0;21.0;215.0;117
16;AP;2013;65.0;139;8;69.0;147.0;6.0;25.0;162.0;206.0;225.0;2.0;15.0;19.0;27.0;177.0;104
16;AP;2014;43.0;149;13;99.0;162.0;8.0;14.0;213.0;236.0;256.0;1.0;19.0;20.0;15.0;232.0;152
16;AP;2015;50.0;159;6;96.0;165.0;7.0;12.0;251.0;275.0;293.0;3.0;13.0;18.0;15.0;264.0;154
16;AP;2016;65.0;228;5;153.0;233.0;7.0;11.0;347.0;364.0;381.0;2.0;15.0;17.0;13.0;362.0;222
16;AP;2017;89.0;224;12;112.0;236.0;9.0;22.0;328.0;356.0;383.0;2.0;23.0;27.0;24.0;351.0;177
16;AP;2018;171.0;273;6;162.0;279.0;9.0;24.0;377.0;411.0;426.0;2.0;12.0;15.0;26.0;389.0;241
16;AP;2019;77.0;242;9;167.0;251.0;10.0;8.0;330.0;342.0;361.0;1.0;17.0;19.0;9.0;347.0;228
16;AP;2020;95.0;234;10;147.0;244.0;12.0;17.0;345.0;365.0;387.0;1.0;21.0;22.0;18.0;366.0;222
16;AP;2021;98.0;305;8;217.0;313.0;11.0;10.0;428.0;443.0;462.0;0.0;18.0;19.0;10.0;446.0;314
29;BA;1979;;114;17;;;;;;;;;;;;;116
29;BA;1980;;112;18;;;;;;;;;;;;;139
29;BA;1981;;113;15;;;;;;;;;;;;;124
29;BA;1982;;164;36;;;;;;;;;;;;;211
29;BA;1983;;126;20;;;;;;;;;;;;;154
29;BA;1984;;186;28;;;;;;;;;;;;;248
29;BA;1985;;216;27;;;;;;;;;;;;;254
29;BA;1986;;206;28;;;;;;;;;;;;;284
29;BA;1987;;258;21;;;;;;;;;;;;;294
29;BA;1988;;390;35;;;;;;;;;;;;;429
29;BA;1989;562.0;527;46;327.0;574.0;23.0;;;1000.0;1086.0;;;80.0;;;591
29;BA;1990;486.0;406;30;289.0;437.0;31.0;;;782.0;867.0;;;77.0;;;523
29;BA;1991;245.0;236;29;128.0;266.0;20.0;;;528.0;596.0;;;64.0;;;266
29;BA;1992;401.0;369;36;237.0;405.0;26.0;;;758.0;840.0;;;79.0;;;428
29;BA;1993;945.0;775;46;618.0;825.0;54.0;;;1364.0;1503.0;;;120.0;;;1013
29;BA;1994;1073.0;880;82;716.0;963.0;88.0;;;1551.0;1739.0;;;180.0;;;1164
29;BA;1995;978.0;723;57;604.0;783.0;79.0;;;1360.0;1536.0;;;165.0;;;1067
29;BA;1996;1368.0;918;83;854.0;1001.0;120.0;0.0;0.0;1707.0;1883.0;0.0;0.0;176.0;0.0;0.0;1488
29;BA;1997;1328.0;1013;80;850.0;1093.0;98.0;14.0;120.0;1805.0;1981.0;4.0;11.0;175.0;18.0;131.0;1426
29;BA;1998;760.0;616;39;462.0;656.0;38.0;44.0;248.0;1169.0;1271.0;3.0;24.0;101.0;47.0;273.0;799
29;BA;1999;520.0;442;33;313.0;475.0;31.0;88.0;305.0;823.0;913.0;9.0;41.0;88.0;97.0;346.0;551
29;BA;2000;31.0;607;59;451.0;666.0;59.0;79.0;802.0;1108.0;1242.0;15.0;90.0;132.0;94.0;892.0;766
29;BA;2001;42.0;848;39;702.0;887.0;50.0;132.0;1130.0;1500.0;1622.0;13.0;81.0;122.0;145.0;1211.0;1129
29;BA;2002;45.0;949;65;777.0;1014.0;60.0;134.0;1209.0;1634.0;1759.0;15.0;88.0;123.0;149.0;1298.0;1220
29;BA;2003;65.0;1204;68;1008.0;1272.0;68.0;140.0;1565.0;2014.0;2166.0;18.0;100.0;152.0;158.0;1665.0;1588
29;BA;2004;69.0;1222;89;1023.0;1311.0;78.0;139.0;1704.0;2064.0;2262.0;20.0;155.0;195.0;159.0;1859.0;1590
29;BA;2005;50.0;1613;90;1319.0;1703.0;114.0;150.0;2216.0;2669.0;2881.0;22.0;164.0;211.0;172.0;2380.0;2022
29;BA;2006;75.0;1824;123;1561.0;1947.0;131.0;183.0;2624.0;3065.0;3311.0;21.0;197.0;243.0;204.0;2821.0;2402
29;BA;2007;55.0;2036;124;1770.0;2160.0;133.0;233.0;2909.0;3408.0;3659.0;27.0;207.0;249.0;260.0;3116.0;2700
29;BA;2008;61.0;2833;161;2547.0;2994.0;193.0;311.0;3876.0;4485.0;4819.0;34.0;260.0;315.0;345.0;4137.0;3828
29;BA;2009;66.0;3276;151;2971.0;3427.0;220.0;301.0;4455.0;5078.0;5432.0;32.0;284.0;345.0;333.0;4741.0;4361
29;BA;2010;98.0;3357;214;2938.0;3571.0;235.0;332.0;4781.0;5398.0;5844.0;42.0;361.0;438.0;374.0;5145.0;4439
29;BA;2011;71.0;3017;204;2636.0;3221.0;250.0;374.0;4402.0;5089.0;5549.0;40.0;375.0;449.0;415.0;4780.0;4170
29;BA;2012;111.0;3460;202;2930.0;3662.0;262.0;395.0;4989.0;5702.0;6148.0;42.0;368.0;437.0;437.0;5358.0;4594
29;BA;2013;98.0;3142;196;2727.0;3338.0;241.0;330.0;4709.0;5260.0;5694.0;42.0;362.0;423.0;372.0;5072.0;4287
29;BA;2014;144.0;3405;148;2965.0;3553.0;216.0;367.0;5095.0;5659.0;6052.0;50.0;323.0;385.0;417.0;5419.0;4671
29;BA;2015;147.0;3408;151;2866.0;3559.0;219.0;333.0;5112.0;5619.0;6012.0;42.0;331.0;382.0;375.0;5446.0;4555
29;BA;2016;215.0;4165;193;3509.0;4358.0;261.0;392.0;6132.0;6728.0;7171.0;50.0;379.0;441.0;442.0;6512.0;5449
29;BA;2017;168.0;4313;208;3444.0;4522.0;286.0;428.0;6377.0;6986.0;7487.0;55.0;417.0;487.0;484.0;6798.0;5427
29;BA;2018;232.0;3956;185;3163.0;4141.0;257.0;386.0;5717.0;6351.0;6787.0;44.0;369.0;427.0;430.0;6089.0;4977
29;BA;2019;218.0;3416;183;2880.0;3599.0;250.0;303.0;5264.0;5717.0;6118.0;30.0;358.0;396.0;333.0;5622.0;4596
29;BA;2020;210.0;4032;218;3200.0;4250.0;279.0;360.0;6124.0;6627.0;7076.0;43.0;387.0;444.0;403.0;6511.0;5088
29;BA;2021;303.0;4081;203;3267.0;4284.0;292.0;351.0;6302.0;6740.0;7206.0;51.0;401.0;463.0;402.0;6703.0;5294
23;CE;1979;;128;17;;;;;;;;;;;;;85
23;CE;1980;;181;11;;;;;;;;;;;;;159
23;CE;1981;;194;23;;;;;;;;;;;;;187
23;CE;1982;;200;14;;;;;;;;;;;;;149
23;CE;1983;;263;22;;;;;;;;;;;;;217
23;CE;1984;;274;16;;;;;;;;;;;;;196
23;CE;1985;;221;20;;;;;;;;;;;;;163
23;CE;1986;;230;27;;;;;;;;;;;;;143
23;CE;1987;;186;14;;;;;;;;;;;;;141
23;CE;1988;;228;16;;;;;;;;;;;;;175
23;CE;1989;203.0;286;13;121.0;299.0;13.0;;;560.0;607.0;;;47.0;;;216
23;CE;1990;219.0;230;23;126.0;253.0;23.0;;;510.0;555.0;;;45.0;;;242
23;CE;1991;227.0;281;22;139.0;303.0;15.0;;;554.0;607.0;;;53.0;;;242
23;CE;1992;187.0;244;20;102.0;265.0;14.0;;;493.0;537.0;;;42.0;;;202
23;CE;1993;249.0;330;30;164.0;360.0;21.0;;;640.0;702.0;;;61.0;;;270
23;CE;1994;238.0;284;22;123.0;308.0;21.0;;;573.0;636.0;;;59.0;;;260
23;CE;1995;341.0;406;18;195.0;424.0;18.0;;;790.0;845.0;;;55.0;;;359
23;CE;1996;320.0;405;36;192.0;443.0;29.0;0.0;0.0;793.0;885.0;0.0;0.0;84.0;0.0;0.0;351
23;CE;1997;417.0;462;33;250.0;495.0;31.0;55.0;278.0;941.0;1026.0;7.0;20.0;85.0;62.0;298.0;448
23;CE;1998;457.0;447;27;251.0;474.0;26.0;97.0;305.0;889.0;946.0;11.0;11.0;56.0;108.0;316.0;483
23;CE;1999;497.0;478;34;262.0;512.0;31.0;145.0;518.0;1012.0;1104.0;19.0;34.0;91.0;164.0;552.0;528
23;CE;2000;89.0;577;43;340.0;620.0;54.0;182.0;656.0;1131.0;1238.0;29.0;51.0;106.0;211.0;708.0;657
23;CE;2001;120.0;604;47;343.0;651.0;43.0;164.0;638.0;1170.0;1284.0;21.0;58.0;114.0;185.0;696.0;638
23;CE;2002;76.0;669;60;422.0;729.0;49.0;126.0;657.0;1320.0;1445.0;16.0;48.0;125.0;142.0;705.0;741
23;CE;2003;93.0;727;44;449.0;771.0;46.0;149.0;708.0;1460.0;1563.0;10.0;40.0;103.0;159.0;748.0;846
23;CE;2004;94.0;774;52;524.0;826.0;51.0;125.0;655.0;1459.0;1582.0;15.0;44.0;123.0;140.0;699.0;916
23;CE;2005;72.0;883;59;613.0;943.0;66.0;138.0;715.0;1555.0;1699.0;16.0;45.0;143.0;154.0;760.0;1012
23;CE;2006;79.0;890;51;642.0;941.0;43.0;148.0;907.0;1658.0;1792.0;17.0;65.0;134.0;165.0;972.0;1060
23;CE;2007;80.0;1016;50;758.0;1066.0;43.0;185.0;1283.0;1806.0;1933.0;27.0;84.0;126.0;213.0;1367.0;1224
23;CE;2008;88.0;1089;42;803.0;1131.0;48.0;176.0;1303.0;1902.0;2019.0;18.0;74.0;117.0;194.0;1377.0;1332
23;CE;2009;116.0;1130;64;917.0;1196.0;68.0;166.0;1280.0;2025.0;2165.0;25.0;80.0;138.0;191.0;1360.0;1511
23;CE;2010;122.0;1432;62;1219.0;1494.0;103.0;272.0;1600.0;2515.0;2688.0;27.0;111.0;173.0;299.0;1711.0;2057
23;CE;2011;145.0;1485;83;1257.0;1568.0;119.0;251.0;1541.0;2603.0;2792.0;24.0;106.0;189.0;275.0;1647.0;2063
23;CE;2012;160.0;2235;94;2031.0;2329.0;142.0;223.0;1811.0;3621.0;3841.0;26.0;110.0;219.0;249.0;1921.0;3135
23;CE;2013;133.0;2558;147;2377.0;2705.0;200.0;232.0;2088.0;4195.0;4473.0;34.0;125.0;278.0;266.0;2213.0;3655
23;CE;2014;162.0;2696;135;2484.0;2831.0;200.0;251.0;2362.0;4341.0;4626.0;25.0;145.0;285.0;276.0;2507.0;3795
23;CE;2015;263.0;2350;100;2166.0;2450.0;166.0;210.0;2118.0;3909.0;4163.0;21.0;154.0;254.0;231.0;2272.0;3393
23;CE;2016;298.0;1999;103;1794.0;2102.0;139.0;195.0;2363.0;3424.0;3642.0;14.0;149.0;218.0;209.0;2512.0;2908
23;CE;2017;299.0;3146;202;3030.0;3348.0;282.0;291.0;4580.0;5059.0;5433.0;32.0;325.0;374.0;323.0;4905.0;4698
23;CE;2018;302.0;2561;251;2532.0;2812.0;379.0;341.0;4051.0;4425.0;4900.0;47.0;426.0;475.0;388.0;4477.0;4204
23;CE;2019;234.0;1179;106;1108.0;1285.0;159.0;149.0;2036.0;2196.0;2417.0;21.0;199.0;221.0;170.0;2235.0;1900
23;CE;2020;262.0;2189;155;2123.0;2344.0;253.0;201.0;3457.0;3672.0;3992.0;21.0;295.0;319.0;222.0;3752.0;3443
23;CE;2021;239.0;1779;170;1768.0;1949.0;264.0;215.0;2906.0;3135.0;3471.0;36.0;299.0;336.0;251.0;3205.0;2973
53;DF;1979;;49;4;;;;;;;;;;;;;28
53;DF;1980;;67;7;;;;;;;;;;;;;21
53;DF;1981;;71;11;;;;;;;;;;;;;81
53;DF;1982;;98;6;;;;;;;;;;;;;101
53;DF;1983;;90;12;;;;;;;;;;;;;93
53;DF;1984;;77;9;;;;;;;;;;;;;74
53;DF;1985;;131;12;;;;;;;;;;;;;150
53;DF;1986;;121;16;;;;;;;;;;;;;148
53;DF;1987;;155;19;;;;;;;;;;;;;211
53;DF;1988;;160;11;;;;;;;;;;;;;161
53;DF;1989;177.0;177;8;116.0;185.0;5.0;;;308.0;331.0;;;23.0;;;182
53;DF;1990;259.0;234;17;159.0;251.0;19.0;;;423.0;463.0;;;40.0;;;278
53;DF;1991;291.0;272;21;209.0;293.0;23.0;;;437.0;489.0;;;52.0;;;314
53;DF;1992;255.0;231;14;172.0;245.0;16.0;;;384.0;424.0;;;40.0;;;271
53;DF;1993;335.0;296;23;234.0;319.0;27.0;;;503.0;553.0;;;49.0;;;362
53;DF;1994;354.0;301;21;250.0;322.0;33.0;;;505.0;556.0;;;50.0;;;387
53;DF;1995;417.0;329;29;288.0;358.0;27.0;;;572.0;629.0;;;57.0;;;444
53;DF;1996;402.0;308;27;268.0;335.0;32.0;0.0;0.0;562.0;615.0;0.0;0.0;52.0;0.0;0.0;435
53;DF;1997;402.0;328;21;282.0;349.0;30.0;73.0;388.0;565.0;613.0;10.0;31.0;48.0;83.0;419.0;432
53;DF;1998;439.0;354;27;316.0;381.0;35.0;73.0;415.0;579.0;633.0;13.0;37.0;54.0;86.0;452.0;474
53;DF;1999;420.0;371;31;310.0;402.0;34.0;83.0;440.0;598.0;659.0;15.0;40.0;60.0;98.0;480.0;454
53;DF;2000;129.0;388;19;334.0;407.0;23.0;97.0;533.0;644.0;687.0;7.0;32.0;41.0;104.0;565.0;501
53;DF;2001;202.0;419;28;362.0;447.0;25.0;87.0;549.0;649.0;693.0;8.0;34.0;44.0;95.0;583.0;495
53;DF;2002;239.0;385;31;338.0;416.0;29.0;80.0;503.0;591.0;641.0;13.0;36.0;50.0;93.0;539.0;469
53;DF;2003;324.0;428;26;381.0;454.0;41.0;95.0;578.0;678.0;742.0;14.0;45.0;62.0;109.0;623.0;562
53;DF;2004;332.0;410;26;360.0;436.0;29.0;101.0;538.0;642.0;696.0;8.0;43.0;52.0;109.0;582.0;506
53;DF;2005;468.0;384;19;317.0;403.0;25.0;81.0;519.0;610.0;657.0;14.0;32.0;47.0;95.0;551.0;452
53;DF;2006;455.0;374;25;305.0;399.0;33.0;70.0;537.0;611.0;660.0;9.0;39.0;49.0;79.0;576.0;435
53;DF;2007;579.0;409;22;352.0;431.0;28.0;94.0;550.0;656.0;711.0;13.0;41.0;55.0;107.0;591.0;516
53;DF;2008;673.0;457;35;390.0;492.0;38.0;98.0;644.0;748.0;812.0;7.0;57.0;64.0;105.0;701.0;579
53;DF;2009;753.0;487;36;450.0;523.0;43.0;105.0;692.0;806.0;882.0;14.0;61.0;76.0;119.0;753.0;666
53;DF;2010;785.0;420;32;379.0;452.0;42.0;85.0;630.0;720.0;786.0;15.0;50.0;66.0;100.0;680.0;576
53;DF;2011;893.0;455;38;405.0;493.0;44.0;94.0;723.0;823.0;902.0;16.0;61.0;79.0;110.0;784.0;657
53;DF;2012;1111.0;480;37;432.0;517.0;42.0;83.0;785.0;875.0;954.0;11.0;63.0;77.0;94.0;849.0;725
53;DF;2013;1338.0;430;35;382.0;465.0;39.0;69.0;681.0;759.0;837.0;12.0;66.0;78.0;81.0;747.0;593
53;DF;2014;1613.0;427;26;388.0;453.0;30.0;105.0;664.0;783.0;843.0;13.0;46.0;60.0;118.0;710.0;631
53;DF;2015;1649.0;360;22;310.0;382.0;24.0;120.0;551.0;682.0;742.0;13.0;45.0;58.0;133.0;598.0;489
53;DF;2016;1540.0;379;30;336.0;409.0;31.0;121.0;569.0;696.0;760.0;11.0;53.0;64.0;132.0;622.0;516
53;DF;2017;1425.0;308;17;256.0;325.0;25.0;109.0;452.0;564.0;610.0;12.0;34.0;46.0;121.0;486.0;401
53;DF;2018;1233.0;257;13;210.0;271.0;20.0;97.0;372.0;473.0;530.0;18.0;35.0;55.0;115.0;408.0;329
53;DF;2019;1028.0;226;18;169.0;244.0;20.0;83.0;339.0;425.0;480.0;18.0;36.0;55.0;101.0;375.0;257
53;DF;2020;1379.0;207;12;144.0;219.0;16.0;107.0;306.0;418.0;453.0;15.0;20.0;35.0;122.0;326.0;248
53;DF;2021;1376.0;160;8;112.0;168.0;15.0;69.0;277.0;355.0;401.0;18.0;27.0;46.0;87.0;304.0;193
32;ES;1979;;93;11;;;;;;;;;;;;;82
32;ES;1980;;113;16;;;;;;;;;;;;;122
32;ES;1981;;149;28;;;;;;;;;;;;;130
32;ES;1982;;138;12;;;;;;;;;;;;;114
32;ES;1983;;135;20;;;;;;;;;;;;;118
32;ES;1984;;143;21;;;;;;;;;;;;;151
32;ES;1985;;168;18;;;;;;;;;;;;;209
32;ES;1986;;192;22;;;;;;;;;;;;;205
32;ES;1987;;206;21;;;;;;;;;;;;;232
32;ES;1988;;266;32;;;;;;;;;;;;;265
32;ES;1989;361.0;320;29;180.0;349.0;29.0;;;763.0;845.0;;;75.0;;;395
32;ES;1990;382.0;344;40;215.0;384.0;37.0;;;791.0;881.0;;;88.0;;;419
32;ES;1991;440.0;377;36;229.0;413.0;32.0;;;872.0;968.0;;;95.0;;;473
32;ES;1992;349.0;322;39;196.0;361.0;31.0;;;751.0;839.0;;;85.0;;;381
32;ES;1993;522.0;466;50;295.0;516.0;33.0;;;995.0;1098.0;;;101.0;;;555
32;ES;1994;549.0;476;41;300.0;517.0;46.0;;;1053.0;1166.0;;;108.0;;;596
32;ES;1995;557.0;512;57;347.0;569.0;53.0;;;1031.0;1154.0;;;123.0;;;610
32;ES;1996;597.0;518;54;351.0;573.0;63.0;0.0;0.0;1067.0;1191.0;0.0;0.0;123.0;0.0;0.0;661
32;ES;1997;887.0;667;58;526.0;725.0;67.0;105.0;262.0;1287.0;1416.0;16.0;20.0;128.0;121.0;283.0;955
32;ES;1998;1066.0;816;64;669.0;880.0;93.0;156.0;328.0;1508.0;1675.0;22.0;32.0;163.0;178.0;360.0;1161
32;ES;1999;1041.0;752;63;664.0;815.0;80.0;208.0;554.0;1396.0;1524.0;22.0;45.0;128.0;230.0;599.0;1121
32;ES;2000;96.0;692;52;576.0;744.0;63.0;237.0;624.0;1322.0;1435.0;23.0;49.0;113.0;260.0;673.0;1004
32;ES;2001;95.0;723;60;609.0;784.0;80.0;222.0;680.0;1319.0;1452.0;33.0;58.0;132.0;255.0;738.0;1019
32;ES;2002;110.0;862;74;760.0;936.0;88.0;261.0;742.0;1494.0;1644.0;29.0;71.0;149.0;290.0;813.0;1221
32;ES;2003;133.0;836;57;699.0;893.0;71.0;293.0;816.0;1487.0;1629.0;42.0;67.0;141.0;335.0;883.0;1179
32;ES;2004;123.0;875;61;761.0;936.0;80.0;227.0;859.0;1482.0;1619.0;33.0;69.0;137.0;260.0;928.0;1188
32;ES;2005;140.0;839;65;726.0;904.0;101.0;213.0;924.0;1453.0;1602.0;30.0;90.0;149.0;243.0;1014.0;1189
32;ES;2006;181.0;904;78;787.0;982.0;100.0;211.0;1008.0;1578.0;1762.0;44.0;103.0;183.0;255.0;1111.0;1294
32;ES;2007;169.0;929;79;823.0;1008.0;111.0;245.0;1081.0;1691.0;1877.0;32.0;116.0;186.0;277.0;1197.0;1363
32;ES;2008;151.0;1024;89;937.0;1113.0;124.0;234.0;1123.0;1756.0;1947.0;30.0;129.0;190.0;264.0;1252.0;1495
32;ES;2009;170.0;1057;107;974.0;1164.0;130.0;219.0;1215.0;1769.0;1985.0;32.0;152.0;216.0;251.0;1367.0;1548
32;ES;2010;191.0;957;79;875.0;1036.0;94.0;231.0;1171.0;1618.0;1792.0;34.0;128.0;174.0;265.0;1299.0;1359
32;ES;2011;241.0;918;87;887.0;1005.0;105.0;201.0;1105.0;1505.0;1672.0;40.0;104.0;167.0;241.0;1209.0;1352
32;ES;2012;293.0;887;82;866.0;969.0;106.0;175.0;1205.0;1504.0;1667.0;17.0;137.0;163.0;192.0;1342.0;1335
32;ES;2013;342.0;905;80;869.0;985.0;114.0;201.0;1182.0;1451.0;1622.0;36.0;129.0;171.0;237.0;1311.0;1290
32;ES;2014;430.0;889;69;842.0;958.0;89.0;218.0;1206.0;1469.0;1609.0;25.0;110.0;140.0;243.0;1316.0;1292
32;ES;2015;367.0;775;55;709.0;830.0;78.0;163.0;1061.0;1308.0;1450.0;24.0;107.0;141.0;187.0;1168.0;1093
32;ES;2016;417.0;670;37;622.0;707.0;57.0;126.0;943.0;1166.0;1270.0;18.0;81.0;104.0;144.0;1024.0;968
32;ES;2017;351.0;789;59;771.0;848.0;89.0;161.0;1098.0;1369.0;1521.0;26.0;116.0;151.0;187.0;1214.0;1227
32;ES;2018;358.0;577;41;548.0;618.0;55.0;111.0;887.0;1063.0;1165.0;20.0;76.0;100.0;131.0;964.0;891
32;ES;2019;331.0;538;31;501.0;569.0;42.0;90.0;802.0;946.0;1043.0;13.0;73.0;97.0;103.0;875.0;781
32;ES;2020;411.0;618;50;578.0;668.0;58.0;122.0;865.0;1122.0;1229.0;16.0;78.0;101.0;139.0;943.0;930
32;ES;2021;519.0;536;30;496.0;567.0;62.0;126.0;874.0;1127.0;1253.0;25.0;88.0;125.0;151.0;963.0;892
52;GO;1979;;125;18;;;;;;;;;;;;;163
52;GO;1980;;155;28;;;;;;;;;;;;;226
52;GO;1981;;211;28;;;;;;;;;;;;;268
52;GO;1982;;211;29;;;;;;;;;;;;;226
52;GO;1983;;216;34;;;;;;;;;;;;;239
52;GO;1984;;176;28;;;;;;;;;;;;;241
52;GO;1985;;187;33;;;;;;;;;;;;;211
52;GO;1986;;203;32;;;;;;;;;;;;;285
52;GO;1987;;236;42;;;;;;;;;;;;;304
52;GO;1988;;285;41;;;;;;;;;;;;;400
52;GO;1989;426.0;302;41;223.0;344.0;44.0;;;717.0;810.0;;;91.0;;;471
52;GO;1990;349.0;277;32;180.0;309.0;29.0;;;620.0;681.0;;;58.0;;;380
52;GO;1991;396.0;346;51;222.0;397.0;44.0;;;741.0;852.0;;;110.0;;;440
52;GO;1992;361.0;288;52;189.0;340.0;56.0;;;703.0;828.0;;;125.0;;;417
52;GO;1993;327.0;266;51;188.0;317.0;47.0;;;636.0;734.0;;;96.0;;;375
52;GO;1994;401.0;327;36;227.0;363.0;41.0;;;681.0;774.0;;;93.0;;;442
52;GO;1995;376.0;291;54;208.0;345.0;61.0;;;652.0;784.0;;;129.0;;;439
52;GO;1996;403.0;291;55;223.0;346.0;66.0;0.0;0.0;663.0;782.0;0.0;0.0;119.0;0.0;0.0;469
52;GO;1997;387.0;293;32;207.0;327.0;42.0;68.0;121.0;646.0;744.0;13.0;16.0;94.0;81.0;137.0;431
52;GO;1998;390.0;294;24;217.0;325.0;36.0;71.0;180.0;616.0;704.0;12.0;12.0;76.0;84.0;193.0;434
52;GO;1999;472.0;366;50;290.0;416.0;60.0;148.0;245.0;733.0;853.0;40.0;28.0;117.0;188.0;274.0;534
52;GO;2000;603.0;482;65;406.0;548.0;71.0;269.0;472.0;940.0;1085.0;51.0;53.0;142.0;320.0;526.0;706
52;GO;2001;595.0;533;58;420.0;591.0;64.0;306.0;606.0;1035.0;1167.0;42.0;61.0;131.0;348.0;667.0;752
52;GO;2002;692.0;647;62;520.0;709.0;76.0;361.0;666.0;1225.0;1370.0;50.0;68.0;145.0;411.0;734.0;893
52;GO;2003;800.0;647;66;522.0;713.0;69.0;301.0;709.0;1201.0;1346.0;45.0;74.0;143.0;346.0;784.0;868
52;GO;2004;865.0;757;59;601.0;816.0;50.0;411.0;830.0;1377.0;1524.0;64.0;64.0;142.0;475.0;896.0;988
52;GO;2005;945.0;776;54;619.0;830.0;52.0;361.0;920.0;1334.0;1468.0;46.0;83.0;133.0;408.0;1003.0;937
52;GO;2006;1017.0;766;59;602.0;825.0;69.0;332.0;985.0;1364.0;1509.0;48.0;91.0;143.0;381.0;1076.0;984
52;GO;2007;1181.0;789;60;643.0;849.0;73.0;341.0;970.0;1382.0;1521.0;51.0;82.0;139.0;392.0;1052.0;1009
52;GO;2008;1284.0;914;57;739.0;971.0;82.0;364.0;1204.0;1629.0;1792.0;49.0;104.0;160.0;413.0;1309.0;1201
52;GO;2009;1441.0;915;62;740.0;977.0;76.0;365.0;1327.0;1733.0;1902.0;45.0;117.0;165.0;410.0;1446.0;1260
52;GO;2010;1954.0;1003;85;803.0;1088.0;80.0;349.0;1403.0;1795.0;1979.0;48.0;128.0;182.0;397.0;1533.0;1317
52;GO;2011;1944.0;1098;103;941.0;1201.0;129.0;392.0;1537.0;2005.0;2272.0;67.0;182.0;262.0;459.0;1721.0;1579
52;GO;2012;2992.0;1394;124;1195.0;1518.0;133.0;511.0;1963.0;2540.0;2793.0;67.0;171.0;247.0;578.0;2134.0;1955
52;GO;2013;3455.0;1484;114;1293.0;1598.0;141.0;557.0;2076.0;2698.0;2975.0;66.0;191.0;271.0;624.0;2268.0;2138
52;GO;2014;3595.0;1439;129;1299.0;1568.0;153.0;574.0;1986.0;2591.0;2887.0;77.0;212.0;290.0;651.0;2198.0;2054
52;GO;2015;3227.0;1516;102;1328.0;1618.0;134.0;601.0;2087.0;2734.0;2997.0;76.0;176.0;255.0;677.0;2263.0;2161
52;GO;2016;2769.0;1575;99;1346.0;1675.0;128.0;582.0;2168.0;2789.0;3036.0;54.0;180.0;238.0;638.0;2349.0;2143
52;GO;2017;4416.0;1491;110;1286.0;1601.0;129.0;501.0;2094.0;2638.0;2901.0;59.0;190.0;256.0;561.0;2284.0;2057
52;GO;2018;3825.0;1354;88;1168.0;1442.0;117.0;482.0;1929.0;2448.0;2675.0;63.0;154.0;220.0;545.0;2086.0;1860
52;GO;2019;1741.0;1131;57;881.0;1188.0;67.0;422.0;1627.0;2089.0;2253.0;43.0;115.0;161.0;465.0;1742.0;1457
52;GO;2020;3189.0;1135;55;876.0;1190.0;54.0;404.0;1594.0;2040.0;2177.0;36.0;93.0;134.0;440.0;1687.0;1391
52;GO;2021;2709.0;860;48;604.0;909.0;51.0;333.0;1304.0;1664.0;1812.0;47.0;95.0;145.0;380.0;1401.0;1012
21;MA;1979;;30;5;;;;;;;;;;;;;34
21;MA;1980;;34;7;;;;;;;;;;;;;29
21;MA;1981;;58;6;;;;;;;;;;;;;54
21;MA;1982;;60;2;;;;;;;;;;;;;62
21;MA;1983;;53;5;;;;;;;;;;;;;56
21;MA;1984;;62;6;;;;;;;;;;;;;84
21;MA;1985;;45;7;;;;;;;;;;;;;74
21;MA;1986;;107;8;;;;;;;;;;;;;104
21;MA;1987;;110;5;;;;;;;;;;;;;116
21;MA;1988;;122;7;;;;;;;;;;;;;141
21;MA;1989;166.0;160;13;82.0;174.0;10.0;;;382.0;411.0;;;28.0;;;176
21;MA;1990;180.0;182;17;86.0;199.0;14.0;;;410.0;442.0;;;32.0;;;194
21;MA;1991;182.0;200;27;118.0;227.0;21.0;;;416.0;470.0;;;54.0;;;203
21;MA;1992;192.0;149;13;74.0;162.0;15.0;;;395.0;427.0;;;30.0;;;209
21;MA;1993;161.0;150;15;68.0;165.0;10.0;;;359.0;394.0;;;33.0;;;173
21;MA;1994;114.0;130;6;65.0;136.0;6.0;;;289.0;314.0;;;24.0;;;121
21;MA;1995;152.0;154;19;79.0;173.0;10.0;;;344.0;385.0;;;40.0;;;163
21;MA;1996;174.0;148;14;88.0;162.0;12.0;0.0;0.0;330.0;363.0;0.0;0.0;31.0;0.0;0.0;187
21;MA;1997;127.0;132;17;71.0;149.0;19.0;33.0;170.0;285.0;333.0;8.0;18.0;46.0;41.0;189.0;148
21;MA;1998;121.0;118;13;68.0;131.0;9.0;29.0;177.0;247.0;278.0;5.0;18.0;30.0;34.0;196.0;130
21;MA;1999;95.0;105;7;44.0;113.0;7.0;37.0;135.0;233.0;262.0;3.0;14.0;27.0;41.0;149.0;102
21;MA;2000;138.0;170;17;64.0;187.0;12.0;56.0;230.0;320.0;352.0;4.0;24.0;32.0;60.0;254.0;141
21;MA;2001;202.0;271;25;120.0;296.0;19.0;81.0;403.0;509.0;563.0;16.0;36.0;54.0;97.0;439.0;221
21;MA;2002;186.0;289;13;115.0;302.0;14.0;90.0;462.0;567.0;606.0;7.0;31.0;39.0;97.0;493.0;253
21;MA;2003;272.0;389;30;176.0;419.0;27.0;109.0;599.0;726.0;795.0;11.0;58.0;69.0;120.0;657.0;351
21;MA;2004;228.0;373;25;196.0;398.0;23.0;79.0;587.0;679.0;732.0;9.0;44.0;53.0;88.0;631.0;355
21;MA;2005;256.0;481;30;276.0;511.0;21.0;130.0;725.0;877.0;935.0;8.0;49.0;58.0;138.0;774.0;489
21;MA;2006;285.0;497;30;256.0;527.0;24.0;135.0;753.0;902.0;969.0;8.0;58.0;67.0;143.0;811.0;479
21;MA;2007;415.0;592;31;353.0;623.0;23.0;144.0;911.0;1063.0;1127.0;13.0;50.0;63.0;157.0;962.0;602
21;MA;2008;500.0;677;37;408.0;714.0;25.0;144.0;1030.0;1196.0;1277.0;12.0;67.0;81.0;156.0;1097.0;698
21;MA;2009;590.0;737;38;458.0;775.0;32.0;142.0;1143.0;1311.0;1398.0;19.0;67.0;87.0;161.0;1210.0;785
21;MA;2010;578.0;785;52;480.0;837.0;42.0;133.0;1242.0;1402.0;1519.0;18.0;99.0;117.0;151.0;1341.0;827
21;MA;2011;744.0;765;55;515.0;820.0;51.0;184.0;1255.0;1460.0;1591.0;20.0;109.0;131.0;204.0;1364.0;944
21;MA;2012;824.0;910;42;653.0;952.0;41.0;172.0;1459.0;1662.0;1777.0;16.0;96.0;114.0;188.0;1555.0;1152
21;MA;2013;1094.0;1114;57;790.0;1171.0;58.0;184.0;1788.0;2031.0;2163.0;23.0;107.0;131.0;208.0;1895.0;1397
21;MA;2014;1246.0;1248;62;962.0;1311.0;75.0;215.0;2048.0;2307.0;2462.0;21.0;129.0;152.0;236.0;2179.0;1688
21;MA;2015;1181.0;1200;56;968.0;1257.0;67.0;240.0;2003.0;2286.0;2438.0;27.0;115.0;148.0;267.0;2118.0;1718
21;MA;2016;1493.0;1157;55;873.0;1212.0;84.0;247.0;1963.0;2247.0;2408.0;24.0;133.0;159.0;271.0;2097.0;1625
21;MA;2017;1804.0;1063;49;822.0;1112.0;56.0;169.0;1855.0;2051.0;2180.0;12.0;113.0;127.0;181.0;1968.0;1483
21;MA;2018;1561.0;935;41;698.0;976.0;50.0;170.0;1656.0;1856.0;1982.0;11.0;109.0;122.0;181.0;1767.0;1284
21;MA;2019;1106.0;753;47;567.0;801.0;44.0;165.0;1402.0;1584.0;1704.0;19.0;93.0;114.0;186.0;1498.0;1074
21;MA;2020;1157.0;960;53;786.0;1013.0;67.0;201.0;1736.0;1961.0;2103.0;16.0;123.0;140.0;217.0;1860.0;1447
21;MA;2021;975.0;896;47;736.0;943.0;71.0;197.0;1644.0;1868.0;1999.0;18.0;110.0;131.0;215.0;1754.0;1447
31;MG;1979;;404;73;;;;;;;;;;;;;435
31;MG;1980;;444;51;;;;;;;;;;;;;466
31;MG;1981;;410;72;;;;;;;;;;;;;374
31;MG;1982;;395;61;;;;;;;;;;;;;346
31;MG;1983;;319;61;;;;;;;;;;;;;339
31;MG;1984;;379;69;;;;;;;;;;;;;437
31;MG;1985;;384;66;;;;;;;;;;;;;382
31;MG;1986;;378;54;;;;;;;;;;;;;379
31;MG;1987;;378;56;;;;;;;;;;;;;340
31;MG;1988;;388;60;;;;;;;;;;;;;347
31;MG;1989;384.0;479;67;223.0;546.0;47.0;;;1047.0;1216.0;;;168.0;;;432
31;MG;1990;444.0;457;63;240.0;520.0;50.0;;;1029.0;1178.0;;;148.0;;;494
31;MG;1991;472.0;480;60;269.0;541.0;43.0;;;1071.0;1232.0;;;159.0;;;516
31;MG;1992;435.0;418;62;231.0;481.0;51.0;;;972.0;1131.0;;;154.0;;;488
31;MG;1993;466.0;472;61;281.0;533.0;68.0;;;1028.0;1211.0;;;181.0;;;535
31;MG;1994;409.0;448;74;256.0;525.0;50.0;;;941.0;1118.0;;;170.0;;;460
31;MG;1995;558.0;511;52;325.0;566.0;46.0;;;1057.0;1214.0;;;145.0;;;607
31;MG;1996;559.0;501;77;336.0;579.0;87.0;2.0;0.0;1075.0;1261.0;0.0;0.0;185.0;2.0;0.0;647
31;MG;1997;656.0;532;69;387.0;601.0;72.0;262.0;519.0;1168.0;1347.0;49.0;60.0;179.0;311.0;579.0;728
31;MG;1998;788.0;648;81;480.0;729.0;77.0;363.0;700.0;1310.0;1511.0;57.0;92.0;201.0;420.0;792.0;865
31;MG;1999;650.0;693;98;413.0;792.0;74.0;368.0;732.0;1373.0;1596.0;69.0;110.0;222.0;437.0;842.0;725
31;MG;2000;451.0;1058;108;900.0;1166.0;117.0;541.0;1126.0;1857.0;2109.0;102.0;125.0;252.0;643.0;1251.0;1420
31;MG;2001;575.0;1153;102;957.0;1255.0;97.0;673.0;1304.0;2124.0;2366.0;94.0;119.0;241.0;767.0;1423.0;1558
31;MG;2002;675.0;1504;120;1249.0;1624.0;142.0;783.0;1776.0;2700.0;2994.0;120.0;151.0;294.0;903.0;1927.0;2049
31;MG;2003;740.0;2062;179;1814.0;2241.0;200.0;996.0;2340.0;3493.0;3869.0;152.0;199.0;376.0;1148.0;2539.0;2815
31;MG;2004;719.0;2386;185;2154.0;2571.0;220.0;1063.0;2686.0;3913.0;4286.0;115.0;230.0;373.0;1178.0;2916.0;3255
31;MG;2005;873.0;2301;160;2039.0;2461.0;204.0;999.0;2658.0;3846.0;4223.0;143.0;212.0;377.0;1142.0;2870.0;3099
31;MG;2006;1244.0;2220;186;1990.0;2408.0;204.0;1103.0;2520.0;3783.0;4177.0;138.0;238.0;392.0;1242.0;2759.0;3075
31;MG;2007;1478.0;2168;176;1914.0;2344.0;218.0;1030.0;2528.0;3722.0;4125.0;131.0;248.0;403.0;1161.0;2776.0;2983
31;MG;2008;1541.0;2014;190;1764.0;2204.0;174.0;938.0;2407.0;3511.0;3889.0;133.0;221.0;377.0;1071.0;2628.0;2755
31;MG;2009;1479.0;1894;168;1646.0;2062.0;197.0;923.0;2261.0;3340.0;3742.0;132.0;246.0;402.0;1055.0;2507.0;2603
31;MG;2010;1633.0;1772;184;1523.0;1956.0;197.0;797.0;2256.0;3236.0;3646.0;141.0;259.0;409.0;938.0;2515.0;2456
31;MG;2011;1819.0;2058;192;1831.0;2250.0;220.0;1061.0;2622.0;3804.0;4262.0;165.0;283.0;457.0;1226.0;2906.0;3000
31;MG;2012;1637.0;2296;216;2031.0;2512.0;216.0;1102.0;2896.0;4100.0;4562.0;148.0;303.0;460.0;1250.0;3200.0;3228
31;MG;2013;1756.0;2411;183;2180.0;2595.0;205.0;1118.0;3076.0;4286.0;4717.0;145.0;274.0;427.0;1264.0;3350.0;3468
31;MG;2014;1721.0;2405;168;2126.0;2573.0;171.0;1075.0;3153.0;4319.0;4724.0;141.0;259.0;403.0;1216.0;3412.0;3377
31;MG;2015;1415.0;2213;165;1972.0;2378.0;204.0;1009.0;3033.0;4114.0;4532.0;139.0;267.0;415.0;1149.0;3300.0;3214
31;MG;2016;1473.0;2365;148;2047.0;2513.0;169.0;1054.0;3099.0;4246.0;4622.0;122.0;247.0;375.0;1177.0;3346.0;3321
31;MG;2017;1449.0;2088;129;1814.0;2217.0;146.0;974.0;2885.0;3911.0;4299.0;122.0;261.0;388.0;1096.0;3146.0;3067
31;MG;2018;1135.0;1497;129;1303.0;1626.0;137.0;728.0;2265.0;3022.0;3372.0;105.0;241.0;349.0;833.0;2506.0;2237
31;MG;2019;786.0;1252;97;1083.0;1349.0;120.0;648.0;1938.0;2598.0;2893.0;86.0;207.0;295.0;734.0;2145.0;1878
31;MG;2020;827.0;1201;86;980.0;1287.0;99.0;660.0;1789.0;2473.0;2743.0;102.0;166.0;270.0;762.0;1955.0;1702
31;MG;2021;707.0;1051;74;858.0;1125.0;86.0;611.0;1688.0;2327.0;2577.0;88.0;159.0;249.0;699.0;1847.0;1594
50;MS;1979;;52;6;;;;;;;;;;;;;62
50;MS;1980;;77;10;;;;;;;;;;;;;118
50;MS;1981;;81;14;;;;;;;;;;;;;147
50;MS;1982;;93;12;;;;;;;;;;;;;154
50;MS;1983;;101;11;;;;;;;;;;;;;137
50;MS;1984;;126;20;;;;;;;;;;;;;177
50;MS;1985;;92;9;;;;;;;;;;;;;123
50;MS;1986;;111;16;;;;;;;;;;;;;136
50;MS;1987;;97;12;;;;;;;;;;;;;173
50;MS;1988;;113;12;;;;;;;;;;;;;172
50;MS;1989;175.0;147;21;95.0;168.0;20.0;;;330.0;371.0;;;39.0;;;197
50;MS;1990;146.0;137;19;72.0;156.0;16.0;;;306.0;348.0;;;40.0;;;162
50;MS;1991;191.0;142;24;106.0;167.0;24.0;;;338.0;388.0;;;47.0;;;218
50;MS;1992;206.0;153;28;107.0;181.0;29.0;;;365.0;423.0;;;58.0;;;235
50;MS;1993;236.0;165;14;113.0;180.0;18.0;;;413.0;457.0;;;39.0;;;257
50;MS;1994;264.0;208;24;138.0;233.0;19.0;;;472.0;522.0;;;48.0;;;283
50;MS;1995;388.0;264;18;208.0;283.0;22.0;;;582.0;636.0;;;51.0;;;411
50;MS;1996;418.0;285;33;223.0;318.0;49.0;0.0;0.0;642.0;722.0;0.0;0.0;79.0;0.0;0.0;468
50;MS;1997;453.0;285;22;232.0;307.0;38.0;3.0;1.0;652.0;729.0;0.0;0.0;71.0;3.0;1.0;495
50;MS;1998;376.0;268;38;210.0;306.0;41.0;10.0;8.0;595.0;670.0;3.0;2.0;73.0;13.0;10.0;418
50;MS;1999;315.0;240;24;169.0;264.0;36.0;137.0;124.0;508.0;571.0;19.0;13.0;63.0;156.0;137.0;351
50;MS;2000;3405.0;281;33;246.0;314.0;41.0;259.0;273.0;577.0;651.0;38.0;30.0;72.0;297.0;303.0;448
50;MS;2001;3748.0;235;32;190.0;267.0;35.0;265.0;277.0;555.0;621.0;29.0;31.0;64.0;294.0;308.0;395
50;MS;2002;3453.0;283;30;203.0;313.0;34.0;284.0;298.0;605.0;684.0;41.0;35.0;77.0;325.0;333.0;421
50;MS;2003;3580.0;318;26;240.0;344.0;35.0;268.0;355.0;640.0;705.0;35.0;27.0;64.0;303.0;382.0;430
50;MS;2004;3155.0;296;23;217.0;319.0;24.0;245.0;342.0;601.0;656.0;24.0;30.0;55.0;269.0;372.0;387
50;MS;2005;3312.0;278;30;195.0;308.0;26.0;230.0;316.0;561.0;631.0;38.0;31.0;70.0;268.0;347.0;345
50;MS;2006;3395.0;295;20;215.0;315.0;17.0;265.0;342.0;627.0;683.0;29.0;24.0;55.0;294.0;366.0;370
50;MS;2007;3511.0;312;28;222.0;340.0;29.0;274.0;341.0;641.0;710.0;39.0;28.0;67.0;314.0;369.0;401
50;MS;2008;3277.0;318;27;229.0;345.0;22.0;274.0;339.0;639.0;699.0;38.0;22.0;60.0;312.0;361.0;392
50;MS;2009;2931.0;328;26;244.0;354.0;28.0;276.0;374.0;660.0;725.0;40.0;25.0;65.0;316.0;399.0;429
50;MS;2010;2497.0;267;25;186.0;292.0;21.0;238.0;336.0;579.0;656.0;33.0;38.0;76.0;271.0;374.0;344
50;MS;2011;2393.0;274;33;194.0;307.0;35.0;214.0;376.0;595.0;673.0;38.0;40.0;78.0;252.0;416.0;368
50;MS;2012;2358.0;267;24;175.0;291.0;13.0;196.0;402.0;606.0;683.0;32.0;45.0;77.0;228.0;447.0;337
50;MS;2013;2159.0;243;22;148.0;265.0;24.0;192.0;360.0;555.0;630.0;34.0;40.0;75.0;226.0;400.0;318
50;MS;2014;2403.0;283;39;206.0;322.0;20.0;218.0;388.0;615.0;700.0;40.0;44.0;85.0;258.0;432.0;357
50;MS;2015;2930.0;241;23;171.0;264.0;19.0;205.0;367.0;576.0;634.0;20.0;38.0;58.0;225.0;405.0;316
50;MS;2016;3328.0;248;26;159.0;274.0;25.0;211.0;369.0;591.0;671.0;34.0;46.0;80.0;245.0;415.0;326
50;MS;2017;4287.0;250;25;158.0;275.0;21.0;209.0;385.0;597.0;659.0;28.0;33.0;61.0;237.0;418.0;327
50;MS;2018;3227.0;214;25;119.0;239.0;21.0;182.0;320.0;506.0;572.0;28.0;38.0;66.0;210.0;358.0;243
50;MS;2019;2584.0;174;17;98.0;191.0;14.0;146.0;280.0;430.0;491.0;35.0;26.0;61.0;181.0;306.0;216
50;MS;2020;2943.0;151;26;90.0;177.0;25.0;141.0;278.0;420.0;491.0;32.0;38.0;71.0;173.0;316.0;207
50;MS;2021;2646.0;193;15;124.0;208.0;35.0;135.0;346.0;484.0;551.0;24.0;42.0;66.0;160.0;388.0;273
51;MT;1979;;4;0;;;;;;;;;;;;;2
51;MT;1980;;12;1;;;;;;;;;;;;;22
51;MT;1981;;33;7;;;;;;;;;;;;;38
51;MT;1982;;17;2;;;;;;;;;;;;;24
51;MT;1983;;41;4;;;;;;;;;;;;;51
51;MT;1984;;57;6;;;;;;;;;;;;;68
51;MT;1985;;81;17;;;;;;;;;;;;;118
51;MT;1986;;110;15;;;;;;;;;;;;;172
51;MT;1987;;124;14;;;;;;;;;;;;;185
51;MT;1988;;138;9;;;;;;;;;;;;;188
51;MT;1989;199.0;165;15;82.0;180.0;8.0;;;440.0;471.0;;;31.0;;;207
51;MT;1990;164.0;139;16;66.0;155.0;16.0;;;376.0;415.0;;;39.0;;;180
51;MT;1991;201.0;146;26;98.0;172.0;26.0;;;403.0;452.0;;;49.0;;;227
51;MT;1992;144.0;126;17;70.0;144.0;11.0;;;316.0;355.0;;;35.0;;;158
51;MT;1993;159.0;138;20;81.0;158.0;11.0;;;325.0;356.0;;;31.0;;;170
51;MT;1994;138.0;109;4;56.0;113.0;7.0;;;296.0;316.0;;;20.0;;;145
51;MT;1995;297.0;181;33;112.0;214.0;25.0;;;516.0;583.0;;;66.0;;;322
51;MT;1996;386.0;229;39;196.0;269.0;38.0;0.0;0.0;568.0;660.0;0.0;0.0;87.0;0.0;0.0;427
51;MT;1997;398.0;268;34;189.0;302.0;36.0;91.0;212.0;673.0;766.0;21.0;23.0;88.0;113.0;235.0;437
51;MT;1998;490.0;311;44;255.0;356.0;46.0;176.0;364.0;737.0;832.0;23.0;46.0;93.0;200.0;411.0;537
51;MT;1999;441.0;304;33;218.0;337.0;35.0;200.0;387.0;751.0;822.0;23.0;34.0;71.0;223.0;421.0;476
51;MT;2000;340.0;396;26;325.0;422.0;43.0;303.0;561.0;909.0;990.0;33.0;47.0;81.0;336.0;608.0;691
51;MT;2001;323.0;384;43;286.0;427.0;42.0;276.0;573.0;880.0;973.0;33.0;56.0;92.0;309.0;629.0;582
51;MT;2002;393.0;377;37;279.0;414.0;45.0;283.0;549.0;856.0;948.0;37.0;53.0;92.0;320.0;602.0;582
51;MT;2003;436.0;368;38;270.0;406.0;40.0;266.0;544.0;818.0;908.0;34.0;53.0;90.0;300.0;597.0;555
51;MT;2004;431.0;352;49;236.0;401.0;36.0;234.0;512.0;754.0;853.0;39.0;60.0;99.0;273.0;572.0;454
51;MT;2005;507.0;373;34;265.0;407.0;32.0;227.0;579.0;815.0;907.0;38.0;51.0;89.0;265.0;631.0;487
51;MT;2006;589.0;394;33;282.0;427.0;22.0;212.0;605.0;825.0;896.0;28.0;42.0;70.0;241.0;647.0;497
51;MT;2007;613.0;334;34;248.0;368.0;35.0;230.0;561.0;794.0;889.0;41.0;54.0;95.0;271.0;615.0;542
51;MT;2008;701.0;390;38;291.0;428.0;36.0;211.0;630.0;851.0;937.0;27.0;57.0;86.0;238.0;687.0;572
51;MT;2009;951.0;425;44;309.0;469.0;44.0;209.0;682.0;905.0;1000.0;38.0;55.0;94.0;247.0;738.0;573
51;MT;2010;1129.0;434;28;310.0;462.0;27.0;217.0;667.0;890.0;972.0;26.0;54.0;80.0;243.0;722.0;566
51;MT;2011;1271.0;439;35;320.0;474.0;34.0;227.0;679.0;920.0;1009.0;27.0;60.0;87.0;254.0;740.0;602
51;MT;2012;1135.0;498;46;375.0;544.0;37.0;218.0;732.0;972.0;1074.0;35.0;62.0;100.0;253.0;794.0;641
51;MT;2013;1174.0;515;26;404.0;541.0;34.0;243.0;798.0;1064.0;1158.0;28.0;62.0;91.0;271.0;860.0;745
51;MT;2014;1171.0;587;49;463.0;636.0;45.0;278.0;946.0;1247.0;1358.0;33.0;76.0;111.0;311.0;1022.0;854
51;MT;2015;1190.0;481;48;392.0;529.0;50.0;221.0;843.0;1082.0;1203.0;30.0;88.0;118.0;251.0;931.0;769
51;MT;2016;998.0;480;36;386.0;516.0;38.0;218.0;845.0;1074.0;1180.0;26.0;77.0;104.0;244.0;922.0;752
51;MT;2017;1003.0;432;31;332.0;463.0;40.0;222.0;780.0;1010.0;1102.0;22.0;70.0;92.0;244.0;850.0;669
51;MT;2018;949.0;395;30;295.0;425.0;31.0;193.0;695.0;901.0;989.0;16.0;71.0;88.0;209.0;766.0;566
51;MT;2019;682.0;336;30;247.0;366.0;33.0;157.0;639.0;808.0;895.0;27.0;56.0;84.0;185.0;696.0;490
51;MT;2020;863.0;395;35;309.0;430.0;40.0;182.0;689.0;878.0;987.0;25.0;79.0;105.0;207.0;770.0;584
51;MT;2021;887.0;348;25;261.0;373.0;30.0;191.0;610.0;806.0;888.0;19.0;62.0;81.0;210.0;672.0;529
15;PA;1979;;127;19;;;;;;;;;;;;;117
15;PA;1980;;143;19;;;;;;;;;;;;;169
15;PA;1981;;144;25;;;;;;;;;;;;;171
15;PA;1982;;150;16;;;;;;;;;;;;;176
15;PA;1983;;211;34;;;;;;;;;;;;;240
15;PA;1984;;212;24;;;;;;;;;;;;;296
15;PA;1985;;200;16;;;;;;;;;;;;;265
15;PA;1986;;226;28;;;;;;;;;;;;;301
15;PA;1987;;196;22;;;;;;;;;;;;;310
15;PA;1988;;237;25;;;;;;;;;;;;;337
15;PA;1989;328.0;276;27;165.0;303.0;28.0;;;615.0;666.0;;;51.0;;;356
15;PA;1990;424.0;337;39;242.0;376.0;35.0;;;669.0;748.0;;;78.0;;;459
15;PA;1991;448.0;344;36;232.0;380.0;42.0;;;737.0;810.0;;;72.0;;;491
15;PA;1992;436.0;325;27;221.0;353.0;31.0;;;701.0;759.0;;;56.0;;;468
15;PA;1993;345.0;269;21;169.0;290.0;20.0;;;577.0;623.0;;;46.0;;;365
15;PA;1994;377.0;333;29;217.0;362.0;36.0;;;657.0;716.0;;;59.0;;;413
15;PA;1995;362.0;300;21;183.0;321.0;25.0;;;641.0;700.0;;;59.0;;;387
15;PA;1996;318.0;310;38;174.0;348.0;31.0;1.0;0.0;622.0;700.0;0.0;0.0;78.0;1.0;0.0;349
15;PA;1997;371.0;359;27;211.0;386.0;36.0;28.0;237.0;678.0;754.0;2.0;23.0;76.0;30.0;260.0;407
15;PA;1998;407.0;410;28;240.0;438.0;29.0;56.0;472.0;707.0;774.0;10.0;45.0;67.0;66.0;517.0;436
15;PA;1999;325.0;297;16;175.0;314.0;18.0;66.0;462.0;601.0;642.0;1.0;31.0;39.0;67.0;494.0;344
15;PA;2000;261.0;388;30;247.0;418.0;24.0;88.0;603.0;743.0;806.0;7.0;55.0;63.0;95.0;658.0;461
15;PA;2001;347.0;469;46;289.0;515.0;46.0;96.0;725.0;869.0;966.0;20.0;74.0;97.0;116.0;799.0;543
15;PA;2002;388.0;601;31;373.0;632.0;33.0;127.0;974.0;1119.0;1192.0;10.0;62.0;73.0;137.0;1036.0;694
15;PA;2003;321.0;700;47;466.0;747.0;45.0;137.0;1159.0;1311.0;1405.0;15.0;78.0;93.0;152.0;1237.0;871
15;PA;2004;286.0;768;43;539.0;811.0;42.0;143.0;1274.0;1426.0;1519.0;14.0;77.0;93.0;157.0;1351.0;969
15;PA;2005;306.0;1024;57;708.0;1082.0;56.0;155.0;1625.0;1797.0;1926.0;26.0;101.0;127.0;181.0;1726.0;1195
15;PA;2006;388.0;1130;55;771.0;1185.0;71.0;139.0;1749.0;1930.0;2073.0;21.0;118.0;140.0;160.0;1867.0;1295
15;PA;2007;329.0;1197;66;859.0;1263.0;58.0;164.0;1841.0;2049.0;2194.0;26.0;112.0;144.0;190.0;1953.0;1385
15;PA;2008;357.0;1553;82;1160.0;1635.0;89.0;186.0;2445.0;2687.0;2860.0;27.0;139.0;169.0;213.0;2585.0;1929
15;PA;2009;435.0;1635;82;1242.0;1717.0;84.0;189.0;2558.0;2802.0;2989.0;23.0;152.0;180.0;213.0;2711.0;2038
15;PA;2010;434.0;1819;115;1469.0;1935.0;126.0;236.0;2998.0;3286.0;3521.0;30.0;197.0;231.0;266.0;3198.0;2502
15;PA;2011;493.0;1679;79;1292.0;1758.0;106.0;217.0;2629.0;2881.0;3073.0;27.0;154.0;186.0;245.0;2787.0;2077
15;PA;2012;618.0;1684;114;1310.0;1799.0;119.0;221.0;2738.0;2993.0;3236.0;27.0;202.0;232.0;248.0;2942.0;2138
15;PA;2013;701.0;1691;93;1253.0;1785.0;121.0;240.0;2830.0;3157.0;3405.0;35.0;190.0;231.0;276.0;3025.0;2229
15;PA;2014;848.0;1705;116;1331.0;1821.0;132.0;194.0;2912.0;3189.0;3446.0;21.0;221.0;249.0;216.0;3135.0;2305
15;PA;2015;1055.0;1827;109;1462.0;1936.0;144.0;202.0;3138.0;3401.0;3675.0;20.0;236.0;261.0;222.0;3375.0;2539
15;PA;2016;1220.0;2137;129;1776.0;2266.0;178.0;243.0;3597.0;3921.0;4223.0;14.0;274.0;294.0;257.0;3871.0;3048
15;PA;2017;1049.0;2322;129;1939.0;2451.0;202.0;308.0;3858.0;4255.0;4575.0;21.0;286.0;311.0;329.0;4144.0;3362
15;PA;2018;934.0;2285;132;2004.0;2418.0;197.0;269.0;3827.0;4185.0;4528.0;32.0;282.0;323.0;301.0;4113.0;3439
15;PA;2019;743.0;1690;100;1359.0;1791.0;135.0;201.0;2887.0;3155.0;3405.0;21.0;204.0;232.0;222.0;3093.0;2342
15;PA;2020;795.0;1369;84;1101.0;1454.0;99.0;176.0;2381.0;2605.0;2809.0;23.0;166.0;193.0;199.0;2547.0;1886
15;PA;2021;641.0;1366;87;1106.0;1453.0;100.0;152.0;2425.0;2627.0;2847.0;17.0;185.0;208.0;169.0;2611.0;1939
25;PB;1979;;74;12;;;;;;;;;;;;;71
25;PB;1980;;106;13;;;;;;;;;;;;;127
25;PB;1981;;114;13;;;;;;;;;;;;;133
25;PB;1982;;100;16;;;;;;;;;;;;;112
25;PB;1983;;137;16;;;;;;;;;;;;;120
25;PB;1984;;135;10;;;;;;;;;;;;;147
25;PB;1985;;160;21;;;;;;;;;;;;;140
25;PB;1986;;179;29;;;;;;;;;;;;;195
25;PB;1987;;149;21;;;;;;;;;;;;;149
25;PB;1988;;155;25;;;;;;;;;;;;;156
25;PB;1989;201.0;169;24;102.0;193.0;21.0;;;409.0;461.0;;;52.0;;;222
25;PB;1990;206.0;172;13;95.0;185.0;18.0;;;399.0;440.0;;;41.0;;;224
25;PB;1991;158.0;170;13;79.0;183.0;22.0;;;361.0;401.0;;;40.0;;;180
25;PB;1992;194.0;150;15;101.0;165.0;24.0;;;319.0;355.0;;;36.0;;;218
25;PB;1993;192.0;157;10;94.0;168.0;13.0;;;337.0;365.0;;;26.0;;;205
25;PB;1994;172.0;193;9;98.0;204.0;16.0;;;354.0;385.0;;;28.0;;;188
25;PB;1995;210.0;198;37;131.0;235.0;29.0;;;391.0;457.0;;;66.0;;;239
25;PB;1996;234.0;259;43;148.0;302.0;41.0;0.0;0.0;530.0;636.0;0.0;0.0;106.0;0.0;0.0;275
25;PB;1997;299.0;225;21;166.0;247.0;27.0;26.0;67.0;449.0;492.0;1.0;8.0;42.0;27.0;75.0;327
25;PB;1998;267.0;215;24;165.0;239.0;24.0;25.0;82.0;414.0;455.0;6.0;5.0;41.0;31.0;87.0;291
25;PB;1999;237.0;189;13;138.0;202.0;19.0;34.0;111.0;369.0;403.0;13.0;7.0;34.0;47.0;118.0;256
25;PB;2000;705.0;277;20;227.0;297.0;32.0;52.0;351.0;463.0;507.0;7.0;32.0;44.0;59.0;383.0;372
25;PB;2001;1079.0;264;24;211.0;288.0;23.0;47.0;298.0;439.0;484.0;9.0;31.0;45.0;56.0;329.0;346
25;PB;2002;1159.0;299;22;227.0;322.0;25.0;44.0;405.0;551.0;607.0;7.0;26.0;46.0;51.0;432.0;425
25;PB;2003;1520.0;325;14;260.0;339.0;22.0;44.0;458.0;579.0;616.0;4.0;25.0;35.0;48.0;484.0;459
25;PB;2004;1511.0;333;17;257.0;350.0;41.0;40.0;493.0;611.0;675.0;5.0;47.0;60.0;45.0;540.0;472
25;PB;2005;1908.0;378;25;310.0;403.0;36.0;43.0;563.0;683.0;745.0;7.0;45.0;62.0;50.0;608.0;543
25;PB;2006;2269.0;434;24;373.0;458.0;39.0;38.0;648.0;762.0;825.0;9.0;49.0;62.0;47.0;697.0;628
25;PB;2007;2565.0;432;29;372.0;461.0;42.0;32.0;704.0;793.0;864.0;8.0;55.0;69.0;40.0;759.0;656
25;PB;2008;3620.0;531;30;447.0;561.0;49.0;42.0;852.0;942.0;1029.0;8.0;76.0;87.0;50.0;928.0;750
25;PB;2009;4136.0;660;50;608.0;710.0;67.0;41.0;1069.0;1164.0;1263.0;10.0;84.0;98.0;51.0;1153.0;1019
25;PB;2010;4201.0;782;52;733.0;834.0;79.0;48.0;1227.0;1336.0;1455.0;8.0;98.0;119.0;56.0;1325.0;1208
25;PB;2011;3913.0;847;68;820.0;915.0;108.0;65.0;1324.0;1474.0;1614.0;18.0;117.0;140.0;83.0;1441.0;1379
25;PB;2012;4329.0;842;59;767.0;901.0;89.0;81.0;1176.0;1388.0;1525.0;8.0;119.0;137.0;89.0;1295.0;1224
25;PB;2013;4039.0;829;64;770.0;893.0;84.0;86.0;1187.0;1424.0;1551.0;12.0;104.0;126.0;98.0;1292.0;1258
25;PB;2014;4451.0;812;57;759.0;869.0;81.0;72.0;1244.0;1433.0;1551.0;13.0;98.0;117.0;85.0;1342.0;1253
25;PB;2015;4330.0;771;57;737.0;828.0;73.0;76.0;1222.0;1406.0;1522.0;14.0;84.0;111.0;90.0;1306.0;1264
25;PB;2016;5188.0;654;45;597.0;699.0;62.0;68.0;1099.0;1248.0;1355.0;15.0;88.0;107.0;83.0;1187.0;1060
25;PB;2017;5136.0;668;41;591.0;709.0;51.0;85.0;1151.0;1253.0;1341.0;11.0;76.0;88.0;96.0;1227.0;1054
25;PB;2018;4714.0;618;34;557.0;652.0;56.0;55.0;1085.0;1161.0;1244.0;10.0;71.0;82.0;65.0;1156.0;1006
25;PB;2019;4343.0;420;21;371.0;441.0;39.0;45.0;800.0;880.0;953.0;11.0;53.0;72.0;56.0;853.0;722
25;PB;2020;4808.0;487;40;457.0;527.0;56.0;67.0;929.0;1047.0;1141.0;16.0;75.0;94.0;83.0;1004.0;919
25;PB;2021;5001.0;522;32;491.0;554.0;43.0;76.0;927.0;1061.0;1144.0;15.0;63.0;83.0;91.0;990.0;930
26;PE;1979;;346;41;;;;;;;;;;;;;297
26;PE;1980;;446;55;;;;;;;;;;;;;613
26;PE;1981;;567;69;;;;;;;;;;;;;758
26;PE;1982;;601;49;;;;;;;;;;;;;788
26;PE;1983;;699;90;;;;;;;;;;;;;965
26;PE;1984;;801;66;;;;;;;;;;;;;1154
26;PE;1985;;930;77;;;;;;;;;;;;;1310
26;PE;1986;;966;64;;;;;;;;;;;;;1400
26;PE;1987;;1045;65;;;;;;;;;;;;;1482
26;PE;1988;;1046;62;;;;;;;;;;;;;1510
26;PE;1989;1607.0;1235;90;943.0;1326.0;91.0;;;2379.0;2553.0;;;173.0;;;1698
26;PE;1990;1616.0;1275;101;955.0;1377.0;111.0;;;2522.0;2742.0;;;219.0;;;1728
26;PE;1991;1878.0;1325;100;1046.0;1426.0;125.0;;;2706.0;2944.0;;;232.0;;;2008
26;PE;1992;1621.0;1013;75;794.0;1093.0;93.0;;;2352.0;2531.0;;;171.0;;;1719
26;PE;1993;1774.0;1318;96;1090.0;1416.0;118.0;;;2543.0;2763.0;;;218.0;;;1893
26;PE;1994;1784.0;1300;80;1068.0;1381.0;113.0;;;2399.0;2593.0;;;191.0;;;1897
26;PE;1995;1942.0;1274;96;1127.0;1372.0;128.0;;;2498.0;2706.0;;;205.0;;;2073
26;PE;1996;2172.0;1442;84;1272.0;1529.0;150.0;1.0;0.0;2773.0;3022.0;0.0;0.0;245.0;1.0;0.0;2325
26;PE;1997;2850.0;1954;98;1779.0;2057.0;145.0;313.0;586.0;3463.0;3713.0;33.0;37.0;243.0;347.0;624.0;3000
26;PE;1998;3453.0;2437;122;2221.0;2560.0;196.0;485.0;1106.0;4141.0;4423.0;60.0;65.0;277.0;545.0;1171.0;3651
26;PE;1999;3401.0;2282;130;2166.0;2414.0;206.0;528.0;2186.0;3949.0;4217.0;55.0;143.0;265.0;583.0;2329.0;3610
26;PE;2000;941.0;2317;153;2190.0;2470.0;212.0;476.0;3003.0;3980.0;4290.0;70.0;202.0;310.0;546.0;3205.0;3617
26;PE;2001;939.0;2616;127;2442.0;2744.0;194.0;491.0;3441.0;4409.0;4710.0;55.0;206.0;294.0;546.0;3647.0;3949
26;PE;2002;1132.0;2474;113;2267.0;2588.0;182.0;459.0;3395.0;4118.0;4396.0;75.0;178.0;274.0;534.0;3574.0;3639
26;PE;2003;1107.0;2513;132;2298.0;2645.0;186.0;493.0;3375.0;4243.0;4517.0;53.0;187.0;274.0;546.0;3562.0;3766
26;PE;2004;1108.0;2348;142;2125.0;2490.0;189.0;388.0;3224.0;3898.0;4174.0;56.0;206.0;276.0;444.0;3430.0;3344
26;PE;2005;1088.0;2482;134;2243.0;2616.0;197.0;414.0;3291.0;4048.0;4330.0;37.0;226.0;282.0;451.0;3517.0;3509
26;PE;2006;1194.0;2479;137;2226.0;2616.0;197.0;351.0;3632.0;4162.0;4472.0;37.0;261.0;310.0;388.0;3893.0;3592
26;PE;2007;1252.0;2558;139;2310.0;2698.0;192.0;246.0;3790.0;4262.0;4557.0;36.0;241.0;290.0;282.0;4032.0;3706
26;PE;2008;1370.0;2482;135;2158.0;2621.0;166.0;387.0;3641.0;4140.0;4446.0;45.0;245.0;298.0;433.0;3888.0;3449
26;PE;2009;1418.0;2136;145;1939.0;2281.0;186.0;328.0;3208.0;3656.0;3963.0;42.0;252.0;304.0;370.0;3460.0;3117
26;PE;2010;1265.0;1858;119;1612.0;1977.0;152.0;228.0;2803.0;3226.0;3473.0;29.0;197.0;247.0;257.0;3000.0;2649
26;PE;2011;1247.0;1810;116;1538.0;1928.0;143.0;200.0;2790.0;3202.0;3471.0;21.0;223.0;261.0;222.0;3013.0;2541
26;PE;2012;1229.0;1719;95;1448.0;1815.0;116.0;161.0;2805.0;3106.0;3327.0;21.0;185.0;216.0;182.0;2991.0;2475
26;PE;2013;1176.0;1589;120;1357.0;1709.0;139.0;196.0;2572.0;2867.0;3124.0;27.0;224.0;256.0;223.0;2796.0;2299
26;PE;2014;1203.0;1768;113;1557.0;1881.0;138.0;344.0;2704.0;3113.0;3358.0;33.0;203.0;239.0;377.0;2907.0;2543
26;PE;2015;1014.0;2036;103;1823.0;2143.0;128.0;370.0;3173.0;3606.0;3847.0;32.0;198.0;233.0;402.0;3373.0;3065
26;PE;2016;911.0;2381;131;2105.0;2512.0;146.0;490.0;3618.0;4160.0;4447.0;39.0;238.0;282.0;529.0;3858.0;3475
26;PE;2017;1137.0;3029;136;2756.0;3167.0;189.0;580.0;4462.0;5104.0;5419.0;50.0;257.0;310.0;630.0;4720.0;4478
26;PE;2018;836.0;2168;101;1979.0;2269.0;137.0;509.0;3387.0;3942.0;4190.0;46.0;189.0;240.0;555.0;3578.0;3369
26;PE;2019;739.0;1791;91;1597.0;1882.0;127.0;477.0;2749.0;3265.0;3474.0;45.0;158.0;204.0;522.0;2908.0;2713
26;PE;2020;869.0;1957;101;1795.0;2059.0;134.0;497.0;3040.0;3558.0;3786.0;40.0;181.0;223.0;537.0;3221.0;3079
26;PE;2021;829.0;1644;107;1539.0;1752.0;153.0;515.0;2641.0;3191.0;3439.0;45.0;195.0;245.0;561.0;2836.0;2801
22;PI;1979;;12;4;;;;;;;;;;;;;7
22;PI;1980;;25;3;;;;;;;;;;;;;6
22;PI;1981;;25;3;;;;;;;;;;;;;23
22;PI;1982;;32;4;;;;;;;;;;;;;28
22;PI;1983;;38;0;;;;;;;;;;;;;37
22;PI;1984;;34;4;;;;;;;;;;;;;36
22;PI;1985;;22;4;;;;;;;;;;;;;23
22;PI;1986;;31;2;;;;;;;;;;;;;26
22;PI;1987;;33;1;;;;;;;;;;;;;29
22;PI;1988;;49;4;;;;;;;;;;;;;38
22;PI;1989;53.0;60;8;30.0;68.0;7.0;;;125.0;142.0;;;17.0;;;60
22;PI;1990;32.0;50;2;16.0;52.0;1.0;;;104.0;109.0;;;5.0;;;33
22;PI;1991;28.0;37;6;15.0;43.0;3.0;;;92.0;103.0;;;11.0;;;31
22;PI;1992;28.0;37;4;15.0;41.0;2.0;;;82.0;92.0;;;10.0;;;30
22;PI;1993;26.0;47;8;19.0;55.0;4.0;;;104.0;117.0;;;13.0;;;30
22;PI;1994;31.0;49;5;19.0;54.0;1.0;;;89.0;99.0;;;10.0;;;32
22;PI;1995;40.0;44;9;28.0;53.0;7.0;;;95.0;114.0;;;19.0;;;47
22;PI;1996;38.0;48;2;20.0;50.0;2.0;0.0;0.0;102.0;117.0;0.0;0.0;14.0;0.0;0.0;40
22;PI;1997;42.0;68;4;19.0;72.0;4.0;13.0;76.0;129.0;142.0;3.0;8.0;13.0;16.0;84.0;46
22;PI;1998;35.0;66;8;23.0;74.0;4.0;15.0;78.0;119.0;140.0;5.0;12.0;20.0;20.0;90.0;40
22;PI;1999;55.0;71;4;33.0;75.0;1.0;18.0;85.0;126.0;133.0;0.0;6.0;7.0;18.0;91.0;56
22;PI;2000;5744.0;118;7;55.0;126.0;2.0;33.0;138.0;214.0;230.0;3.0;8.0;14.0;36.0;147.0;98
22;PI;2001;5740.0;113;20;64.0;133.0;7.0;34.0;155.0;226.0;262.0;7.0;24.0;35.0;41.0;179.0;102
22;PI;2002;6308.0;153;9;65.0;162.0;10.0;37.0;214.0;279.0;308.0;6.0;18.0;27.0;43.0;232.0;120
22;PI;2003;6024.0;137;19;83.0;156.0;10.0;27.0;217.0;265.0;298.0;7.0;24.0;32.0;34.0;241.0;143
22;PI;2004;5852.0;156;17;80.0;173.0;8.0;40.0;237.0;301.0;327.0;10.0;14.0;26.0;50.0;251.0;131
22;PI;2005;5639.0;196;14;100.0;210.0;11.0;43.0;266.0;328.0;368.0;8.0;29.0;40.0;51.0;295.0;151
22;PI;2006;5460.0;221;19;116.0;240.0;11.0;47.0;329.0;386.0;418.0;4.0;28.0;32.0;51.0;357.0;192
22;PI;2007;4824.0;174;12;103.0;186.0;15.0;50.0;285.0;346.0;383.0;9.0;24.0;35.0;59.0;310.0;184
22;PI;2008;4108.0;171;16;90.0;187.0;8.0;46.0;268.0;323.0;361.0;6.0;31.0;38.0;52.0;299.0;159
22;PI;2009;3805.0;193;12;117.0;205.0;14.0;49.0;296.0;354.0;385.0;7.0;22.0;31.0;56.0;318.0;184
22;PI;2010;3912.0;184;11;115.0;195.0;16.0;45.0;299.0;371.0;411.0;10.0;28.0;40.0;55.0;327.0;207
22;PI;2011;3228.0;212;11;147.0;223.0;10.0;51.0;327.0;408.0;440.0;4.0;28.0;32.0;55.0;355.0;251
22;PI;2012;3281.0;249;20;181.0;269.0;18.0;45.0;413.0;479.0;525.0;5.0;40.0;46.0;50.0;453.0;311
22;PI;2013;3365.0;309;20;234.0;329.0;22.0;58.0;451.0;549.0;598.0;10.0;36.0;47.0;68.0;489.0;365
22;PI;2014;3415.0;369;23;284.0;392.0;25.0;40.0;538.0;654.0;717.0;4.0;51.0;63.0;44.0;589.0;455
22;PI;2015;2978.0;300;28;232.0;328.0;33.0;52.0;487.0;582.0;650.0;8.0;56.0;67.0;60.0;544.0;400
22;PI;2016;3801.0;350;17;265.0;367.0;22.0;45.0;563.0;650.0;701.0;3.0;43.0;50.0;48.0;606.0;440
22;PI;2017;4174.0;293;20;220.0;313.0;25.0;46.0;509.0;573.0;626.0;9.0;39.0;52.0;55.0;549.0;376
22;PI;2018;4056.0;289;21;213.0;310.0;14.0;41.0;488.0;565.0;619.0;5.0;43.0;52.0;46.0;531.0;373
22;PI;2019;2210.0;226;17;183.0;243.0;17.0;43.0;454.0;520.0;569.0;11.0;35.0;47.0;54.0;489.0;350
22;PI;2020;2606.0;312;21;254.0;333.0;23.0;66.0;521.0;615.0;674.0;10.0;41.0;54.0;76.0;562.0;437
22;PI;2021;2881.0;343;28;312.0;371.0;38.0;66.0;611.0;695.0;766.0;13.0;53.0;68.0;79.0;664.0;558
41;PR;1979;;276;38;;;;;;;;;;;;;379
41;PR;1980;;291;35;;;;;;;;;;;;;367
41;PR;1981;;323;37;;;;;;;;;;;;;451
41;PR;1982;;404;50;;;;;;;;;;;;;488
41;PR;1983;;398;36;;;;;;;;;;;;;550
41;PR;1984;;429;48;;;;;;;;;;;;;473
41;PR;1985;;338;46;;;;;;;;;;;;;440
41;PR;1986;;377;36;;;;;;;;;;;;;396
41;PR;1987;;354;46;;;;;;;;;;;;;450
41;PR;1988;;410;51;;;;;;;;;;;;;455
41;PR;1989;457.0;455;45;255.0;501.0;39.0;;;1004.0;1112.0;;;105.0;;;498
41;PR;1990;488.0;483;54;279.0;537.0;50.0;;;1041.0;1167.0;;;125.0;;;538
41;PR;1991;510.0;459;60;266.0;519.0;52.0;;;1073.0;1225.0;;;149.0;;;562
41;PR;1992;507.0;440;42;269.0;486.0;47.0;;;971.0;1092.0;;;116.0;;;554
41;PR;1993;586.0;505;62;320.0;567.0;53.0;;;1099.0;1237.0;;;138.0;;;639
41;PR;1994;650.0;516;54;356.0;570.0;58.0;;;1130.0;1260.0;;;130.0;;;708
41;PR;1995;748.0;595;71;445.0;666.0;79.0;;;1223.0;1387.0;;;163.0;;;827
41;PR;1996;714.0;599;77;438.0;676.0;73.0;0.0;0.0;1225.0;1379.0;0.0;0.0;154.0;0.0;0.0;787
41;PR;1997;832.0;651;67;463.0;718.0;64.0;328.0;66.0;1424.0;1581.0;36.0;4.0;157.0;364.0;70.0;896
41;PR;1998;893.0;693;69;513.0;762.0;68.0;827.0;232.0;1447.0;1625.0;117.0;22.0;178.0;944.0;254.0;961
41;PR;1999;945.0;749;64;580.0;813.0;81.0;1025.0;262.0;1522.0;1706.0;126.0;30.0;182.0;1151.0;292.0;1027
41;PR;2000;1303.0;833;59;620.0;892.0;76.0;1242.0;331.0;1623.0;1789.0;137.0;22.0;164.0;1379.0;353.0;1093
41;PR;2001;1461.0;946;95;731.0;1041.0;101.0;1469.0;333.0;1852.0;2052.0;169.0;24.0;197.0;1639.0;358.0;1269
41;PR;2002;1907.0;1147;86;920.0;1233.0;92.0;1644.0;377.0;2061.0;2266.0;167.0;35.0;204.0;1811.0;413.0;1494
41;PR;2003;2615.0;1265;102;1065.0;1368.0;119.0;1887.0;380.0;2326.0;2555.0;190.0;32.0;227.0;2078.0;412.0;1748
41;PR;2004;3035.0;1447;119;1185.0;1566.0;132.0;2030.0;495.0;2573.0;2826.0;202.0;41.0;249.0;2233.0;537.0;1912
41;PR;2005;2895.0;1558;100;1303.0;1658.0;121.0;2094.0;589.0;2738.0;2977.0;185.0;50.0;239.0;2279.0;639.0;2027
41;PR;2006;2870.0;1588;118;1361.0;1706.0;140.0;2326.0;474.0;2839.0;3098.0;196.0;48.0;249.0;2531.0;522.0;2229
41;PR;2007;2765.0;1650;110;1450.0;1760.0;134.0;2220.0;575.0;2860.0;3105.0;193.0;41.0;241.0;2414.0;617.0;2285
41;PR;2008;2580.0;1777;137;1591.0;1914.0;168.0;2413.0;640.0;3132.0;3445.0;244.0;55.0;306.0;2660.0;695.0;2540
41;PR;2009;2406.0;1920;158;1672.0;2078.0;199.0;2698.0;619.0;3361.0;3698.0;274.0;57.0;331.0;2972.0;677.0;2673
41;PR;2010;2259.0;1805;165;1621.0;1970.0;189.0;2588.0;619.0;3248.0;3586.0;283.0;51.0;338.0;2871.0;670.0;2630
41;PR;2011;2779.0;1668;118;1410.0;1786.0;139.0;2440.0;599.0;3086.0;3376.0;220.0;55.0;283.0;2660.0;654.0;2365
41;PR;2012;3012.0;1732;138;1476.0;1870.0;166.0;2408.0;690.0;3162.0;3489.0;248.0;68.0;321.0;2657.0;758.0;2433
41;PR;2013;3262.0;1407;131;1193.0;1538.0;124.0;2089.0;540.0;2653.0;2936.0;223.0;59.0;283.0;2312.0;599.0;2025
41;PR;2014;3204.0;1356;117;1184.0;1473.0;138.0;2126.0;541.0;2694.0;2980.0;218.0;63.0;284.0;2344.0;604.0;2071
41;PR;2015;3010.0;1383;88;1149.0;1471.0;94.0;2048.0;611.0;2691.0;2936.0;193.0;49.0;244.0;2241.0;660.0;1972
41;PR;2016;3151.0;1494;80;1224.0;1574.0;105.0;2180.0;619.0;2841.0;3080.0;190.0;44.0;238.0;2370.0;663.0;2125
41;PR;2017;2921.0;1263;98;1021.0;1361.0;110.0;1838.0;647.0;2511.0;2759.0;207.0;33.0;247.0;2045.0;680.0;1832
41;PR;2018;2100.0;1079;76;813.0;1155.0;89.0;1601.0;607.0;2232.0;2443.0;146.0;63.0;211.0;1747.0;670.0;1520
41;PR;2019;1758.0;892;68;592.0;960.0;86.0;1332.0;542.0;1891.0;2095.0;145.0;57.0;204.0;1477.0;599.0;1190
41;PR;2020;1603.0;985;77;706.0;1062.0;93.0;1372.0;692.0;2083.0;2281.0;145.0;52.0;197.0;1517.0;744.0;1411
41;PR;2021;1508.0;1048;83;730.0;1131.0;82.0;1286.0;848.0;2149.0;2348.0;122.0;73.0;197.0;1408.0;921.0;1373
33;RJ;1979;;1203;69;;;;;;;;;;;;;1726
33;RJ;1980;;1531;104;;;;;;;;;;;;;2093
33;RJ;1981;;1247;79;;;;;;;;;;;;;1774
33;RJ;1982;;1088;70;;;;;;;;;;;;;1575
33;RJ;1983;;874;70;;;;;;;;;;;;;859
33;RJ;1984;;1145;85;;;;;;;;;;;;;1315
33;RJ;1985;;1277;78;;;;;;;;;;;;;1460
33;RJ;1986;;1243;90;;;;;;;;;;;;;1399
33;RJ;1987;;1977;96;;;;;;;;;;;;;2680
33;RJ;1988;;1528;91;;;;;;;;;;;;;2028
33;RJ;1989;2772.0;2170;140;1722.0;2310.0;167.0;;;3980.0;4290.0;;;304.0;;;2942
33;RJ;1990;5236.0;3616;215;3172.0;3833.0;312.0;;;6614.0;7101.0;;;477.0;;;5557
33;RJ;1991;3736.0;2484;154;2207.0;2640.0;235.0;;;4672.0;5055.0;;;370.0;;;3979
33;RJ;1992;3358.0;2132;125;1896.0;2257.0;219.0;;;4212.0;4536.0;;;319.0;;;3580
33;RJ;1993;4062.0;2431;124;2197.0;2557.0;256.0;;;4972.0;5367.0;;;381.0;;;4326
33;RJ;1994;5080.0;2909;181;2779.0;3091.0;344.0;;;5922.0;6420.0;;;491.0;;;5430
33;RJ;1995;6240.0;3914;214;3567.0;4129.0;408.0;;;7617.0;8218.0;;;587.0;;;6659
33;RJ;1996;5581.0;3747;248;3157.0;3998.0;428.0;1.0;0.0;7369.0;8034.0;0.0;0.0;651.0;1.0;0.0;6017
33;RJ;1997;5746.0;3901;243;3413.0;4144.0;408.0;2217.0;3940.0;7298.0;7954.0;250.0;294.0;646.0;2468.0;4238.0;6161
33;RJ;1998;5570.0;3783;223;3328.0;4008.0;398.0;2246.0;3631.0;7000.0;7573.0;202.0;255.0;560.0;2452.0;3891.0;5978
33;RJ;1999;5607.0;3650;225;3365.0;3876.0;380.0;2212.0;3726.0;6695.0;7261.0;232.0;265.0;543.0;2446.0;3994.0;6002
33;RJ;2000;9043.0;3761;220;3459.0;3982.0;375.0;2447.0;4003.0;6795.0;7350.0;246.0;265.0;540.0;2694.0;4271.0;6126
33;RJ;2001;10006.0;3726;236;3511.0;3962.0;384.0;2306.0;4003.0;6767.0;7362.0;206.0;306.0;566.0;2514.0;4309.0;6134
33;RJ;2002;8867.0;4329;225;3888.0;4555.0;362.0;2631.0;4634.0;7748.0;8335.0;236.0;284.0;560.0;2869.0;4923.0;6678
33;RJ;2003;9032.0;4303;214;3675.0;4517.0;336.0;2499.0;4671.0;7579.0;8115.0;228.0;277.0;527.0;2728.0;4948.0;6365
33;RJ;2004;7152.0;4144;205;3555.0;4349.0;338.0;2307.0;4536.0;7221.0;7731.0;230.0;251.0;506.0;2537.0;4787.0;6193
33;RJ;2005;5427.0;3974;201;3496.0;4177.0;329.0;2238.0;4385.0;6885.0;7408.0;204.0;273.0;507.0;2443.0;4658.0;5978
33;RJ;2006;5370.0;3880;196;3347.0;4076.0;319.0;2217.0;4339.0;6858.0;7389.0;219.0;267.0;504.0;2436.0;4611.0;5790
33;RJ;2007;3859.0;3485;167;2967.0;3652.0;272.0;1883.0;3952.0;6121.0;6551.0;187.0;216.0;416.0;2071.0;4169.0;5102
33;RJ;2008;3598.0;2934;158;2442.0;3092.0;219.0;1644.0;3365.0;5274.0;5662.0;133.0;223.0;373.0;1777.0;3593.0;4336
33;RJ;2009;3606.0;2704;137;2205.0;2841.0;199.0;1538.0;3237.0;5000.0;5365.0;145.0;190.0;350.0;1684.0;3430.0;4009
33;RJ;2010;3233.0;2888;132;2261.0;3020.0;191.0;1610.0;3484.0;5310.0;5667.0;128.0;196.0;339.0;1738.0;3684.0;4111
33;RJ;2011;3068.0;2264;145;1818.0;2409.0;177.0;1319.0;2933.0;4403.0;4781.0;127.0;223.0;366.0;1448.0;3161.0;3411
33;RJ;2012;3639.0;2268;129;1900.0;2397.0;184.0;1241.0;2999.0;4386.0;4772.0;125.0;223.0;365.0;1367.0;3228.0;3472
33;RJ;2013;3260.0;2554;139;2014.0;2693.0;185.0;1302.0;3247.0;4687.0;5111.0;137.0;236.0;387.0;1443.0;3492.0;3555
33;RJ;2014;3335.0;2869;157;2045.0;3027.0;215.0;1364.0;3666.0;5196.0;5718.0;164.0;283.0;464.0;1529.0;3954.0;3642
33;RJ;2015;2919.0;2627;134;1835.0;2761.0;196.0;1238.0;3283.0;4651.0;5067.0;150.0;233.0;387.0;1390.0;3517.0;3182
33;RJ;2016;2562.0;3252;134;2343.0;3386.0;202.0;1383.0;4076.0;5569.0;6053.0;142.0;276.0;428.0;1530.0;4363.0;4019
33;RJ;2017;2354.0;3439;137;2560.0;3576.0;219.0;1497.0;4378.0;5956.0;6416.0;136.0;260.0;401.0;1634.0;4650.0;4411
33;RJ;2018;1891.0;3574;150;2513.0;3724.0;198.0;1488.0;4448.0;6013.0;6455.0;130.0;242.0;380.0;1619.0;4705.0;4261
33;RJ;2019;1624.0;1936;77;1381.0;2013.0;107.0;851.0;2435.0;3316.0;3552.0;86.0;131.0;217.0;937.0;2568.0;2321
33;RJ;2020;1677.0;2449;104;1553.0;2554.0;123.0;1056.0;3387.0;4483.0;4831.0;85.0;196.0;285.0;1145.0;3606.0;2740
33;RJ;2021;1556.0;2527;95;1726.0;2622.0;112.0;1038.0;3312.0;4381.0;4693.0;105.0;179.0;284.0;1144.0;3500.0;2999
24;RN;1979;;40;6;;;;;;;;;;;;;46
24;RN;1980;;75;5;;;;;;;;;;;;;77
24;RN;1981;;67;10;;;;;;;;;;;;;80
24;RN;1982;;85;5;;;;;;;;;;;;;108
24;RN;1983;;62;7;;;;;;;;;;;;;88
24;RN;1984;;62;3;;;;;;;;;;;;;67
24;RN;1985;;62;5;;;;;;;;;;;;;68
24;RN;1986;;39;1;;;;;;;;;;;;;49
24;RN;1987;;55;5;;;;;;;;;;;;;81
24;RN;1988;;82;8;;;;;;;;;;;;;91
24;RN;1989;121.0;108;5;69.0;113.0;3.0;;;222.0;236.0;;;14.0;;;124
24;RN;1990;108.0;85;7;58.0;92.0;9.0;;;180.0;200.0;;;20.0;;;117
24;RN;1991;103.0;110;9;65.0;119.0;6.0;;;202.0;219.0;;;17.0;;;109
24;RN;1992;101.0;85;7;57.0;92.0;9.0;;;184.0;199.0;;;15.0;;;110
24;RN;1993;137.0;119;9;81.0;128.0;14.0;;;222.0;243.0;;;21.0;;;151
24;RN;1994;111.0;99;7;66.0;107.0;6.0;;;191.0;211.0;;;19.0;;;117
24;RN;1995;127.0;97;9;66.0;106.0;15.0;;;217.0;247.0;;;30.0;;;142
24;RN;1996;131.0;98;15;69.0;113.0;12.0;0.0;0.0;206.0;241.0;0.0;0.0;35.0;0.0;0.0;143
24;RN;1997;139.0;114;10;89.0;124.0;14.0;54.0;118.0;208.0;235.0;12.0;10.0;27.0;66.0;128.0;153
24;RN;1998;131.0;115;9;83.0;124.0;9.0;37.0;119.0;202.0;222.0;8.0;7.0;20.0;45.0;126.0;140
24;RN;1999;123.0;78;6;58.0;84.0;15.0;50.0;122.0;200.0;224.0;7.0;13.0;24.0;57.0;135.0;138
24;RN;2000;1015.0;109;13;79.0;122.0;9.0;50.0;161.0;235.0;257.0;11.0;10.0;22.0;61.0;171.0;147
24;RN;2001;1165.0;140;16;108.0;156.0;14.0;58.0;204.0;297.0;322.0;5.0;17.0;24.0;63.0;221.0;216
24;RN;2002;1402.0;133;10;95.0;143.0;7.0;58.0;201.0;276.0;299.0;9.0;12.0;23.0;67.0;213.0;193
24;RN;2003;1627.0;183;17;155.0;200.0;17.0;81.0;261.0;373.0;405.0;14.0;16.0;32.0;95.0;277.0;289
24;RN;2004;1776.0;172;9;134.0;181.0;9.0;61.0;233.0;323.0;344.0;4.0;13.0;21.0;65.0;246.0;237
24;RN;2005;1906.0;213;21;169.0;235.0;12.0;65.0;248.0;364.0;406.0;9.0;27.0;41.0;75.0;275.0;268
24;RN;2006;2085.0;219;15;175.0;234.0;21.0;71.0;291.0;413.0;455.0;10.0;27.0;42.0;81.0;318.0;306
24;RN;2007;2150.0;294;20;249.0;314.0;23.0;84.0;399.0;547.0;589.0;11.0;25.0;42.0;95.0;424.0;438
24;RN;2008;2366.0;373;29;326.0;402.0;36.0;93.0;510.0;655.0;714.0;7.0;48.0;59.0;100.0;558.0;536
24;RN;2009;2470.0;434;21;379.0;455.0;30.0;115.0;574.0;743.0;800.0;17.0;38.0;57.0;132.0;612.0;620
24;RN;2010;2441.0;408;31;349.0;439.0;33.0;98.0;582.0;739.0;810.0;13.0;51.0;71.0;111.0;633.0;611
24;RN;2011;2222.0;559;37;481.0;596.0;44.0;140.0;757.0;978.0;1054.0;11.0;56.0;76.0;151.0;813.0;788
24;RN;2012;2262.0;625;24;542.0;649.0;32.0;175.0;819.0;1060.0;1124.0;16.0;42.0;64.0;191.0;861.0;856
24;RN;2013;1901.0;842;41;743.0;883.0;54.0;178.0;1064.0;1357.0;1447.0;20.0;59.0;89.0;198.0;1124.0;1149
24;RN;2014;1932.0;954;48;883.0;1002.0;68.0;194.0;1233.0;1500.0;1602.0;21.0;71.0;102.0;215.0;1304.0;1314
24;RN;2015;1877.0;899;40;804.0;939.0;57.0;147.0;1207.0;1453.0;1545.0;9.0;76.0;92.0;156.0;1283.0;1238
24;RN;2016;2020.0;1079;50;997.0;1129.0;76.0;185.0;1479.0;1754.0;1854.0;19.0;74.0;100.0;204.0;1553.0;1569
24;RN;2017;1722.0;1279;87;1250.0;1366.0;122.0;178.0;1798.0;2054.0;2203.0;17.0;129.0;148.0;195.0;1928.0;1927
24;RN;2018;1431.0;1024;43;1007.0;1067.0;78.0;193.0;1509.0;1723.0;1825.0;14.0;85.0;102.0;207.0;1594.0;1639
24;RN;2019;1104.0;719;41;700.0;760.0;75.0;116.0;1110.0;1248.0;1346.0;11.0;84.0;98.0;127.0;1194.0;1181
24;RN;2020;1318.0;758;39;724.0;797.0;65.0;110.0;1169.0;1324.0;1406.0;13.0;66.0;81.0;123.0;1236.0;1222
24;RN;2021;1290.0;572;28;545.0;600.0;48.0;96.0;996.0;1109.0;1179.0;10.0;59.0;70.0;106.0;1055.0;1023
11;RO;1979;;35;3;;;;;;;;;;;;;50
11;RO;1980;;39;4;;;;;;;;;;;;;67
11;RO;1981;;39;7;;;;;;;;;;;;;67
11;RO;1982;;26;11;;;;;;;;;;;;;79
11;RO;1983;;42;7;;;;;;;;;;;;;64
11;RO;1984;;80;5;;;;;;;;;;;;;106
11;RO;1985;;104;13;;;;;;;;;;;;;174
11;RO;1986;;133;11;;;;;;;;;;;;;216
11;RO;1987;;148;14;;;;;;;;;;;;;218
11;RO;1988;;144;21;;;;;;;;;;;;;210
11;RO;1989;260.0;161;27;114.0;188.0;25.0;;;443.0;490.0;;;47.0;;;285
11;RO;1990;278.0;202;21;130.0;223.0;14.0;;;517.0;555.0;;;37.0;;;293
11;RO;1991;247.0;184;11;108.0;196.0;17.0;;;455.0;491.0;;;33.0;;;265
11;RO;1992;215.0;121;19;89.0;140.0;14.0;;;360.0;395.0;;;35.0;;;229
11;RO;1993;256.0;183;23;125.0;208.0;24.0;;;439.0;498.0;;;55.0;;;280
11;RO;1994;202.0;153;16;95.0;169.0;17.0;;;360.0;399.0;;;37.0;;;221
11;RO;1995;147.0;122;10;79.0;132.0;12.0;;;292.0;330.0;;;37.0;;;160
11;RO;1996;171.0;89;16;69.0;105.0;24.0;0.0;0.0;256.0;301.0;0.0;0.0;43.0;0.0;0.0;196
11;RO;1997;186.0;137;17;92.0;154.0;20.0;32.0;47.0;322.0;355.0;8.0;4.0;33.0;40.0;51.0;206
11;RO;1998;290.0;189;20;141.0;209.0;21.0;72.0;105.0;449.0;494.0;11.0;7.0;45.0;83.0;112.0;311
11;RO;1999;298.0;155;16;129.0;171.0;23.0;96.0;153.0;392.0;432.0;12.0;15.0;38.0;109.0;168.0;322
11;RO;2000;259.0;191;19;127.0;210.0;18.0;109.0;230.0;419.0;466.0;14.0;22.0;46.0;123.0;252.0;277
11;RO;2001;343.0;208;32;157.0;240.0;34.0;178.0;275.0;508.0;573.0;23.0;35.0;65.0;201.0;310.0;377
11;RO;2002;371.0;265;17;179.0;282.0;21.0;177.0;351.0;569.0;615.0;12.0;25.0;44.0;189.0;376.0;393
11;RO;2003;348.0;207;24;155.0;231.0;33.0;149.0;346.0;514.0;566.0;22.0;29.0;51.0;171.0;375.0;381
11;RO;2004;313.0;265;15;170.0;280.0;20.0;147.0;358.0;529.0;563.0;17.0;13.0;33.0;164.0;372.0;334
11;RO;2005;342.0;220;26;175.0;246.0;25.0;134.0;361.0;506.0;555.0;14.0;30.0;49.0;148.0;391.0;367
11;RO;2006;356.0;234;23;189.0;257.0;25.0;125.0;386.0;531.0;585.0;19.0;31.0;51.0;145.0;418.0;383
11;RO;2007;312.0;200;10;164.0;210.0;9.0;94.0;285.0;404.0;432.0;8.0;20.0;28.0;102.0;305.0;321
11;RO;2008;269.0;195;15;136.0;210.0;17.0;120.0;298.0;440.0;480.0;16.0;20.0;39.0;136.0;319.0;286
11;RO;2009;325.0;208;23;172.0;231.0;28.0;127.0;338.0;486.0;538.0;15.0;35.0;51.0;142.0;373.0;353
11;RO;2010;333.0;216;10;162.0;226.0;17.0;131.0;364.0;508.0;546.0;11.0;23.0;37.0;142.0;388.0;351
11;RO;2011;263.0;168;19;130.0;187.0;22.0;102.0;290.0;401.0;450.0;14.0;31.0;48.0;116.0;321.0;286
11;RO;2012;312.0;207;23;164.0;230.0;26.0;124.0;338.0;475.0;526.0;13.0;36.0;51.0;137.0;374.0;338
11;RO;2013;282.0;192;20;147.0;212.0;18.0;131.0;288.0;431.0;483.0;20.0;28.0;52.0;151.0;316.0;300
11;RO;2014;373.0;209;20;176.0;229.0;28.0;127.0;386.0;521.0;578.0;15.0;38.0;56.0;142.0;424.0;402
11;RO;2015;348.0;234;27;178.0;261.0;35.0;129.0;397.0;537.0;600.0;13.0;49.0;63.0;142.0;446.0;383
11;RO;2016;438.0;246;15;185.0;261.0;27.0;158.0;483.0;649.0;703.0;18.0;34.0;54.0;176.0;517.0;465
11;RO;2017;342.0;206;22;179.0;228.0;30.0;123.0;357.0;491.0;554.0;22.0;40.0;62.0;145.0;397.0;373
11;RO;2018;279.0;168;16;138.0;184.0;20.0;103.0;323.0;432.0;476.0;14.0;28.0;42.0;118.0;351.0;300
11;RO;2019;250.0;140;14;102.0;154.0;13.0;103.0;295.0;401.0;447.0;11.0;31.0;43.0;114.0;327.0;264
11;RO;2020;239.0;126;15;94.0;141.0;17.0;89.0;311.0;402.0;456.0;12.0;39.0;54.0;101.0;350.0;256
11;RO;2021;320.0;190;16;154.0;206.0;27.0;117.0;359.0;482.0;536.0;18.0;36.0;54.0;135.0;395.0;347
14;RR;1979;;2;1;;;;;;;;;;;;;2
14;RR;1980;;3;2;;;;;;;;;;;;;0
14;RR;1981;;8;3;;;;;;;;;;;;;2
14;RR;1982;;10;2;;;;;;;;;;;;;1
14;RR;1983;;8;1;;;;;;;;;;;;;2
14;RR;1984;;9;1;;;;;;;;;;;;;0
14;RR;1985;;3;0;;;;;;;;;;;;;3
14;RR;1986;;8;1;;;;;;;;;;;;;3
14;RR;1987;;3;2;;;;;;;;;;;;;0
14;RR;1988;;21;5;;;;;;;;;;;;;2
14;RR;1989;1.0;53;8;1.0;61.0;0.0;;;100.0;113.0;;;12.0;;;1
14;RR;1990;8.0;52;11;3.0;63.0;1.0;;;107.0;127.0;;;20.0;;;9
14;RR;1991;15.0;28;5;9.0;33.0;3.0;;;70.0;79.0;;;9.0;;;18
14;RR;1992;47.0;43;4;23.0;47.0;5.0;;;86.0;95.0;;;9.0;;;52
14;RR;1993;39.0;22;3;16.0;26.0;3.0;;;63.0;69.0;;;4.0;;;43
14;RR;1994;47.0;29;2;18.0;31.0;2.0;;;72.0;78.0;;;6.0;;;49
14;RR;1995;49.0;41;5;28.0;46.0;1.0;;;79.0;87.0;;;8.0;;;50
14;RR;1996;45.0;42;9;22.0;51.0;5.0;0.0;0.0;89.0;107.0;0.0;0.0;18.0;0.0;0.0;50
14;RR;1997;37.0;37;5;23.0;42.0;3.0;5.0;13.0;80.0;90.0;1.0;2.0;10.0;6.0;15.0;40
14;RR;1998;46.0;59;5;31.0;64.0;7.0;20.0;91.0;122.0;134.0;3.0;9.0;12.0;23.0;100.0;53
14;RR;1999;54.0;73;4;34.0;77.0;6.0;49.0;82.0;139.0;154.0;8.0;6.0;15.0;57.0;88.0;60
14;RR;2000;1159.0;59;9;28.0;68.0;4.0;18.0;89.0;108.0;130.0;10.0;12.0;22.0;28.0;101.0;47
14;RR;2001;1241.0;48;3;20.0;51.0;1.0;21.0;76.0;101.0;108.0;1.0;6.0;7.0;22.0;82.0;42
14;RR;2002;1266.0;64;7;20.0;71.0;5.0;25.0;83.0;110.0;122.0;3.0;9.0;12.0;28.0;92.0;48
14;RR;2003;1270.0;50;3;16.0;53.0;3.0;21.0;75.0;100.0;106.0;1.0;5.0;6.0;22.0;80.0;41
14;RR;2004;1326.0;38;6;15.0;44.0;1.0;13.0;63.0;78.0;85.0;3.0;3.0;7.0;16.0;66.0;31
14;RR;2005;1359.0;40;2;8.0;42.0;2.0;18.0;64.0;84.0;95.0;2.0;9.0;11.0;20.0;73.0;28
14;RR;2006;1342.0;41;5;18.0;46.0;3.0;31.0;64.0;96.0;111.0;10.0;3.0;13.0;43.0;67.0;38
14;RR;2007;1559.0;44;3;12.0;47.0;2.0;20.0;75.0;97.0;116.0;8.0;10.0;19.0;28.0;85.0;28
14;RR;2008;1683.0;35;3;9.0;38.0;2.0;19.0;69.0;90.0;105.0;9.0;5.0;15.0;28.0;74.0;29
14;RR;2009;1519.0;43;9;13.0;52.0;4.0;26.0;66.0;94.0;118.0;11.0;12.0;24.0;37.0;78.0;27
14;RR;2010;1376.0;45;7;12.0;52.0;2.0;11.0;93.0;110.0;121.0;2.0;9.0;11.0;13.0;102.0;29
14;RR;2011;1413.0;35;4;10.0;39.0;0.0;14.0;65.0;84.0;95.0;1.0;9.0;10.0;15.0;74.0;25
14;RR;2012;1602.0;65;5;17.0;70.0;3.0;31.0;93.0;126.0;144.0;10.0;7.0;17.0;42.0;100.0;32
14;RR;2013;1602.0;69;9;31.0;78.0;5.0;50.0;123.0;178.0;214.0;21.0;14.0;36.0;71.0;137.0;70
14;RR;2014;1926.0;51;5;22.0;56.0;4.0;46.0;83.0;133.0;158.0;14.0;10.0;24.0;61.0;93.0;47
14;RR;2015;2124.0;69;8;30.0;77.0;7.0;36.0;138.0;174.0;203.0;17.0;10.0;29.0;53.0;148.0;57
14;RR;2016;2314.0;83;9;38.0;92.0;7.0;33.0;145.0;179.0;204.0;14.0;10.0;25.0;47.0;155.0;72
14;RR;2017;2403.0;87;13;44.0;100.0;4.0;50.0;169.0;221.0;248.0;11.0;16.0;27.0;61.0;185.0;93
14;RR;2018;1927.0;207;17;124.0;224.0;9.0;76.0;282.0;360.0;414.0;26.0;26.0;53.0;103.0;308.0;181
14;RR;2019;1468.0;88;11;46.0;99.0;6.0;48.0;148.0;201.0;234.0;14.0;19.0;33.0;62.0;167.0;83
14;RR;2020;1420.0;92;10;56.0;102.0;7.0;48.0;150.0;199.0;237.0;18.0;15.0;35.0;68.0;166.0;102
14;RR;2021;1260.0;105;11;58.0;116.0;7.0;56.0;181.0;238.0;258.0;8.0;12.0;20.0;64.0;193.0;105
43;RS;1979;;226;20;;;;;;;;;;;;;193
43;RS;1980;;268;23;;;;;;;;;;;;;227
43;RS;1981;;298;29;;;;;;;;;;;;;237
43;RS;1982;;305;30;;;;;;;;;;;;;256
43;RS;1983;;293;21;;;;;;;;;;;;;253
43;RS;1984;;305;37;;;;;;;;;;;;;258
43;RS;1985;;283;37;;;;;;;;;;;;;219
43;RS;1986;;321;31;;;;;;;;;;;;;309
43;RS;1987;;347;34;;;;;;;;;;;;;335
43;RS;1988;;501;45;;;;;;;;;;;;;510
43;RS;1989;755.0;744;62;447.0;806.0;41.0;;;1419.0;1561.0;;;142.0;;;796
43;RS;1990;917.0;826;60;551.0;886.0;81.0;;;1547.0;1704.0;;;157.0;;;998
43;RS;1991;1031.0;755;68;573.0;823.0;86.0;;;1538.0;1694.0;;;156.0;;;1117
43;RS;1992;934.0;678;62;516.0;740.0;101.0;;;1409.0;1570.0;;;161.0;;;1035
43;RS;1993;637.0;516;49;369.0;565.0;50.0;;;1064.0;1177.0;;;113.0;;;687
43;RS;1994;720.0;588;56;426.0;644.0;70.0;;;1196.0;1334.0;;;138.0;;;790
43;RS;1995;884.0;604;64;494.0;668.0;89.0;;;1288.0;1439.0;;;151.0;;;973
43;RS;1996;886.0;593;84;492.0;677.0;111.0;0.0;0.0;1290.0;1482.0;0.0;0.0;192.0;0.0;0.0;997
43;RS;1997;1029.0;694;71;580.0;765.0;118.0;1081.0;232.0;1458.0;1648.0;144.0;23.0;190.0;1225.0;255.0;1147
43;RS;1998;958.0;641;75;546.0;716.0;100.0;1019.0;231.0;1343.0;1524.0;137.0;30.0;181.0;1156.0;261.0;1058
43;RS;1999;995.0;711;68;596.0;779.0;90.0;1039.0;249.0;1370.0;1533.0;134.0;21.0;163.0;1173.0;270.0;1085
43;RS;2000;196.0;747;53;662.0;800.0;91.0;1216.0;250.0;1491.0;1668.0;147.0;22.0;175.0;1363.0;272.0;1250
43;RS;2001;244.0;807;73;719.0;880.0;102.0;1342.0;300.0;1674.0;1854.0;156.0;17.0;180.0;1498.0;317.0;1343
43;RS;2002;281.0;877;76;757.0;953.0;107.0;1402.0;288.0;1714.0;1912.0;162.0;34.0;198.0;1564.0;322.0;1373
43;RS;2003;384.0;871;61;755.0;932.0;95.0;1391.0;331.0;1731.0;1908.0;152.0;23.0;177.0;1543.0;354.0;1365
43;RS;2004;345.0;936;80;837.0;1016.0;106.0;1414.0;358.0;1787.0;1982.0;167.0;26.0;195.0;1581.0;384.0;1432
43;RS;2005;359.0;957;77;836.0;1034.0;114.0;1415.0;385.0;1812.0;2021.0;186.0;22.0;209.0;1601.0;407.0;1473
43;RS;2006;352.0;924;56;787.0;980.0;83.0;1457.0;351.0;1821.0;1983.0;128.0;30.0;162.0;1585.0;381.0;1425
43;RS;2007;356.0;1056;81;939.0;1137.0;100.0;1574.0;411.0;2003.0;2199.0;161.0;29.0;193.0;1735.0;440.0;1661
43;RS;2008;461.0;1116;83;1011.0;1199.0;118.0;1685.0;439.0;2161.0;2380.0;184.0;32.0;219.0;1869.0;471.0;1801
43;RS;2009;471.0;980;101;858.0;1081.0;126.0;1589.0;409.0;2017.0;2242.0;186.0;36.0;225.0;1775.0;445.0;1645
43;RS;2010;441.0;891;92;787.0;983.0;119.0;1438.0;398.0;1856.0;2085.0;185.0;38.0;227.0;1623.0;436.0;1496
43;RS;2011;450.0;926;92;829.0;1018.0;114.0;1424.0;427.0;1869.0;2077.0;180.0;21.0;202.0;1605.0;448.0;1531
43;RS;2012;454.0;1041;108;918.0;1149.0;135.0;1617.0;475.0;2135.0;2382.0;202.0;39.0;247.0;1819.0;514.0;1737
43;RS;2013;405.0;995;83;903.0;1078.0;112.0;1614.0;454.0;2108.0;2322.0;173.0;33.0;210.0;1787.0;487.0;1714
43;RS;2014;460.0;1247;76;1083.0;1323.0;129.0;1860.0;577.0;2474.0;2724.0;196.0;51.0;250.0;2056.0;628.0;2055
43;RS;2015;536.0;1291;100;1189.0;1391.0;158.0;2024.0;601.0;2660.0;2944.0;223.0;55.0;284.0;2247.0;656.0;2282
43;RS;2016;561.0;1487;121;1352.0;1608.0;190.0;2163.0;707.0;2913.0;3225.0;250.0;50.0;308.0;2413.0;757.0;2507
43;RS;2017;618.0;1525;114;1405.0;1639.0;188.0;2211.0;772.0;3014.0;3316.0;238.0;61.0;302.0;2449.0;833.0;2591
43;RS;2018;411.0;1189;102;1094.0;1291.0;147.0;1786.0;619.0;2441.0;2699.0;201.0;54.0;256.0;1987.0;673.0;2075
43;RS;2019;335.0;909;87;823.0;996.0;132.0;1446.0;463.0;1946.0;2184.0;177.0;52.0;236.0;1623.0;515.0;1602
43;RS;2020;341.0;859;73;768.0;932.0;122.0;1377.0;474.0;1876.0;2094.0;162.0;49.0;214.0;1541.0;523.0;1545
43;RS;2021;342.0;703;68;639.0;771.0;118.0;1223.0;411.0;1656.0;1889.0;182.0;45.0;230.0;1406.0;456.0;1379
42;SC;1979;;70;5;;;;;;;;;;;;;79
42;SC;1980;;103;11;;;;;;;;;;;;;119
42;SC;1981;;103;10;;;;;;;;;;;;;105
42;SC;1982;;83;14;;;;;;;;;;;;;86
42;SC;1983;;102;23;;;;;;;;;;;;;121
42;SC;1984;;102;12;;;;;;;;;;;;;120
42;SC;1985;;103;16;;;;;;;;;;;;;116
42;SC;1986;;100;5;;;;;;;;;;;;;105
42;SC;1987;;117;15;;;;;;;;;;;;;151
42;SC;1988;;115;17;;;;;;;;;;;;;155
42;SC;1989;142.0;153;15;82.0;168.0;15.0;;;315.0;354.0;;;39.0;;;157
42;SC;1990;150.0;140;18;77.0;158.0;17.0;;;341.0;388.0;;;46.0;;;167
42;SC;1991;148.0;131;16;82.0;147.0;17.0;;;317.0;355.0;;;38.0;;;165
42;SC;1992;141.0;145;12;74.0;157.0;10.0;;;311.0;361.0;;;50.0;;;151
42;SC;1993;163.0;146;13;81.0;159.0;12.0;;;337.0;371.0;;;34.0;;;175
42;SC;1994;145.0;131;19;71.0;150.0;9.0;;;301.0;346.0;;;45.0;;;154
42;SC;1995;197.0;155;20;94.0;175.0;21.0;;;372.0;420.0;;;48.0;;;218
42;SC;1996;187.0;154;28;108.0;182.0;26.0;1.0;0.0;345.0;412.0;0.0;0.0;67.0;1.0;0.0;213
42;SC;1997;205.0;156;17;97.0;173.0;20.0;111.0;10.0;372.0;423.0;12.0;1.0;51.0;123.0;11.0;225
42;SC;1998;171.0;148;28;95.0;176.0;27.0;179.0;34.0;345.0;414.0;44.0;2.0;69.0;223.0;36.0;198
42;SC;1999;160.0;128;19;77.0;147.0;19.0;217.0;44.0;335.0;385.0;42.0;1.0;50.0;259.0;45.0;179
42;SC;2000;407.0;154;18;99.0;172.0;26.0;292.0;47.0;380.0;433.0;40.0;9.0;53.0;332.0;56.0;222
42;SC;2001;358.0;189;25;133.0;214.0;25.0;320.0;61.0;417.0;477.0;41.0;7.0;60.0;361.0;68.0;269
42;SC;2002;386.0;231;32;162.0;263.0;36.0;396.0;75.0;510.0;585.0;61.0;9.0;75.0;457.0;84.0;317
42;SC;2003;395.0;283;30;220.0;313.0;30.0;442.0;93.0;600.0;670.0;52.0;8.0;70.0;494.0;101.0;414
42;SC;2004;363.0;258;23;202.0;281.0;32.0;427.0;92.0;559.0;638.0;63.0;7.0;79.0;490.0;99.0;377
42;SC;2005;319.0;295;27;231.0;322.0;33.0;422.0;88.0;564.0;633.0;54.0;6.0;68.0;476.0;94.0;392
42;SC;2006;353.0;290;31;226.0;321.0;34.0;439.0;78.0;574.0;666.0;70.0;15.0;92.0;509.0;93.0;386
42;SC;2007;371.0;292;34;233.0;328.0;21.0;450.0;88.0;560.0;632.0;60.0;6.0;70.0;510.0;94.0;377
42;SC;2008;370.0;373;32;302.0;406.0;43.0;600.0;100.0;715.0;802.0;74.0;8.0;86.0;674.0;108.0;505
42;SC;2009;401.0;391;38;312.0;429.0;39.0;605.0;107.0;726.0;820.0;82.0;8.0;93.0;687.0;115.0;511
42;SC;2010;322.0;338;42;255.0;380.0;42.0;578.0;114.0;712.0;823.0;94.0;15.0;110.0;673.0;129.0;483
42;SC;2011;333.0;355;34;273.0;389.0;33.0;607.0;123.0;737.0;811.0;68.0;5.0;74.0;675.0;128.0;483
42;SC;2012;324.0;368;39;284.0;407.0;37.0;553.0;156.0;717.0;821.0;85.0;18.0;104.0;638.0;174.0;491
42;SC;2013;294.0;326;43;233.0;369.0;36.0;577.0;101.0;686.0;789.0;82.0;16.0;102.0;659.0;117.0;442
42;SC;2014;337.0;361;41;254.0;402.0;39.0;640.0;138.0;794.0;905.0;88.0;21.0;111.0;728.0;159.0;499
42;SC;2015;297.0;407;35;308.0;442.0;34.0;662.0;185.0;860.0;957.0;79.0;18.0;97.0;741.0;203.0;570
42;SC;2016;301.0;437;38;344.0;475.0;50.0;654.0;213.0;877.0;984.0;80.0;27.0;107.0;734.0;240.0;611
42;SC;2017;305.0;480;47;360.0;527.0;35.0;701.0;247.0;957.0;1066.0;86.0;23.0;109.0;787.0;270.0;653
42;SC;2018;222.0;356;37;249.0;393.0;32.0;591.0;157.0;751.0;843.0;74.0;17.0;91.0;665.0;174.0;444
42;SC;2019;202.0;292;46;203.0;338.0;46.0;488.0;163.0;653.0;767.0;86.0;26.0;114.0;574.0;189.0;381
42;SC;2020;182.0;285;31;190.0;316.0;31.0;472.0;168.0;646.0;732.0;67.0;18.0;86.0;539.0;186.0;372
42;SC;2021;238.0;265;25;180.0;290.0;33.0;451.0;161.0;620.0;712.0;79.0;11.0;92.0;530.0;172.0;375
28;SE;1979;;21;4;;;;;;;;;;;;;22
28;SE;1980;;26;6;;;;;;;;;;;;;30
28;SE;1981;;32;3;;;;;;;;;;;;;36
28;SE;1982;;35;6;;;;;;;;;;;;;34
28;SE;1983;;34;5;;;;;;;;;;;;;42
28;SE;1984;;16;2;;;;;;;;;;;;;23
28;SE;1985;;22;5;;;;;;;;;;;;;33
28;SE;1986;;22;5;;;;;;;;;;;;;33
28;SE;1987;;23;1;;;;;;;;;;;;;22
28;SE;1988;;25;2;;;;;;;;;;;;;31
28;SE;1989;66.0;59;5;3946.0;64.0;5.0;;;124.0;139.0;;;15.0;;;71
28;SE;1990;69.0;80;8;5488.0;88.0;6.0;;;138.0;151.0;;;13.0;;;75
28;SE;1991;168.0;118;13;4677.0;131.0;8.0;;;287.0;317.0;;;21.0;;;179
28;SE;1992;295.0;199;9;4164.0;212.0;7.0;;;420.0;461.0;;;28.0;;;312
28;SE;1993;155.0;151;8;5077.0;159.0;10.0;;;286.0;312.0;;;25.0;;;165
28;SE;1994;190.0;167;14;5980.0;181.0;21.0;;;307.0;344.0;;;32.0;;;213
28;SE;1995;121.0;113;11;7333.0;124.0;10.0;;;227.0;255.0;;;27.0;;;132
28;SE;1996;137.0;108;13;7017.0;121.0;14.0;0.0;0.0;207.0;238.0;0.0;0.0;30.0;0.0;0.0;152
28;SE;1997;109.0;97;9;7600.0;106.0;8.0;14.0;47.0;172.0;190.0;3.0;3.0;18.0;17.0;50.0;117
28;SE;1998;99.0;84;3;8310.0;87.0;6.0;12.0;79.0;162.0;175.0;2.0;5.0;13.0;14.0;84.0;105
28;SE;1999;194.0;149;18;9347.0;168.0;21.0;32.0;101.0;288.0;329.0;7.0;12.0;40.0;39.0;114.0;216
28;SE;2000;633.0;208;10;157.0;218.0;18.0;62.0;171.0;373.0;410.0;5.0;15.0;37.0;67.0;186.0;279
28;SE;2001;687.0;291;7;228.0;298.0;19.0;80.0;256.0;487.0;518.0;6.0;15.0;31.0;86.0;271.0;366
28;SE;2002;817.0;307;16;247.0;323.0;14.0;61.0;362.0;519.0;556.0;7.0;22.0;37.0;68.0;384.0;402
28;SE;2003;797.0;247;12;200.0;259.0;18.0;54.0;262.0;435.0;469.0;8.0;16.0;34.0;62.0;278.0;339
28;SE;2004;937.0;220;14;167.0;234.0;14.0;43.0;255.0;424.0;454.0;6.0;15.0;29.0;49.0;270.0;301
28;SE;2005;885.0;238;11;185.0;249.0;12.0;69.0;323.0;459.0;487.0;4.0;22.0;28.0;73.0;345.0;318
28;SE;2006;913.0;316;18;243.0;334.0;15.0;76.0;384.0;545.0;585.0;9.0;22.0;40.0;85.0;406.0;403
28;SE;2007;936.0;282;12;211.0;294.0;19.0;66.0;350.0;488.0;522.0;9.0;21.0;34.0;75.0;371.0;348
28;SE;2008;1117.0;298;15;235.0;313.0;11.0;65.0;383.0;525.0;555.0;8.0;21.0;30.0;73.0;404.0;368
28;SE;2009;1183.0;311;13;244.0;324.0;16.0;65.0;454.0;617.0;653.0;9.0;21.0;36.0;74.0;475.0;451
28;SE;2010;1237.0;332;19;264.0;351.0;18.0;52.0;533.0;633.0;676.0;6.0;36.0;43.0;58.0;569.0;452
28;SE;2011;1446.0;343;28;292.0;371.0;30.0;49.0;621.0;671.0;731.0;9.0;50.0;60.0;58.0;671.0;523
28;SE;2012;1820.0;451;23;385.0;474.0;30.0;65.0;748.0;817.0;879.0;9.0;52.0;62.0;74.0;800.0;648
28;SE;2013;1994.0;494;26;430.0;520.0;30.0;76.0;829.0;908.0;965.0;8.0;48.0;56.0;84.0;877.0;732
28;SE;2014;1899.0;596;27;552.0;623.0;50.0;79.0;938.0;1023.0;1097.0;9.0;65.0;74.0;88.0;1003.0;898
28;SE;2015;2024.0;693;23;637.0;716.0;53.0;72.0;1157.0;1233.0;1303.0;5.0;64.0;70.0;77.0;1221.0;1108
28;SE;2016;2012.0;847;22;789.0;869.0;39.0;73.0;1330.0;1404.0;1465.0;5.0;54.0;60.0;78.0;1384.0;1259
28;SE;2017;1924.0;728;39;690.0;767.0;57.0;67.0;1168.0;1236.0;1313.0;12.0;64.0;77.0;79.0;1232.0;1106
28;SE;2018;1741.0;653;10;603.0;663.0;25.0;48.0;1045.0;1093.0;1133.0;6.0;34.0;40.0;54.0;1079.0;959
28;SE;2019;1390.0;537;19;477.0;556.0;28.0;36.0;884.0;920.0;973.0;3.0;50.0;53.0;39.0;934.0;771
28;SE;2020;1337.0;544;18;511.0;562.0;26.0;44.0;891.0;938.0;981.0;6.0;37.0;43.0;50.0;928.0;821
28;SE;2021;960.0;420;14;394.0;435.0;21.0;44.0;707.0;751.0;790.0;3.0;34.0;37.0;47.0;742.0;662
35;SP;1979;;1061;135;;;;;;;;;;;;;570
35;SP;1980;;1678;171;;;;;;;;;;;;;699
35;SP;1981;;2166;176;;;;;;;;;;;;;958
35;SP;1982;;2076;177;;;;;;;;;;;;;926
35;SP;1983;;2916;254;;;;;;;;;;;;;1317
35;SP;1984;;3789;274;;;;;;;;;;;;;1864
35;SP;1985;;3883;279;;;;;;;;;;;;;2010
35;SP;1986;;4070;277;;;;;;;;;;;;;2126
35;SP;1987;;4357;287;;;;;;;;;;;;;2379
35;SP;1988;;4048;277;;;;;;;;;;;;;2438
35;SP;1989;2668.0;5186;336;1821.0;5522.0;154.0;;;8508.0;9179.0;;;671.0;;;2822
35;SP;1990;2784.0;5300;340;1861.0;5640.0;185.0;;;8824.0;9503.0;;;679.0;;;2969
35;SP;1991;2912.0;5227;374;1972.0;5601.0;226.0;;;8896.0;9685.0;;;789.0;;;3138
35;SP;1992;2794.0;5002;283;1841.0;5285.0;161.0;;;8472.0;9116.0;;;644.0;;;2955
35;SP;1993;3451.0;4858;325;2304.0;5183.0;232.0;;;8498.0;9224.0;;;726.0;;;3683
35;SP;1994;3868.0;5546;369;2645.0;5915.0;259.0;;;9194.0;9981.0;;;787.0;;;4127
35;SP;1995;4791.0;6030;456;3094.0;6486.0;368.0;;;10596.0;11555.0;;;959.0;;;5159
35;SP;1996;5022.0;6377;431;3173.0;6808.0;343.0;1553.0;335.0;11361.0;12320.0;143.0;24.0;959.0;1696.0;359.0;5365
35;SP;1997;4973.0;6534;502;3274.0;7036.0;404.0;2671.0;2055.0;11509.0;12537.0;274.0;151.0;1028.0;2945.0;2206.0;5377
35;SP;1998;5920.0;7502;518;3833.0;8020.0;382.0;6291.0;5434.0;12952.0;13986.0;573.0;351.0;1034.0;6864.0;5785.0;6302
35;SP;1999;7567.0;8490;529;4905.0;9019.0;450.0;7723.0;6182.0;14640.0;15763.0;644.0;412.0;1123.0;8367.0;6594.0;8017
35;SP;2000;648.0;8705;544;6116.0;9249.0;599.0;8110.0;6029.0;14441.0;15591.0;740.0;378.0;1150.0;8850.0;6407.0;9642
35;SP;2001;539.0;8655;538;6588.0;9193.0;618.0;8301.0;6096.0;14669.0;15773.0;699.0;379.0;1100.0;9000.0;6475.0;10625
35;SP;2002;537.0;8077;533;6042.0;8610.0;547.0;7611.0;5643.0;13471.0;14526.0;673.0;363.0;1053.0;8285.0;6006.0;9415
35;SP;2003;515.0;7826;522;6132.0;8348.0;538.0;7487.0;5461.0;13017.0;14048.0;640.0;378.0;1029.0;8127.0;5839.0;9570
35;SP;2004;418.0;6045;401;4743.0;6446.0;458.0;5958.0;4434.0;10474.0;11336.0;572.0;285.0;861.0;6530.0;4720.0;7611
35;SP;2005;454.0;4379;340;3415.0;4719.0;367.0;4575.0;3474.0;8091.0;8870.0;512.0;260.0;776.0;5087.0;3734.0;5796
35;SP;2006;474.0;3939;346;3285.0;4285.0;387.0;4315.0;3121.0;7582.0;8377.0;530.0;242.0;788.0;4846.0;3364.0;5761
35;SP;2007;507.0;2868;267;2267.0;3135.0;291.0;3315.0;2417.0;5834.0;6437.0;396.0;185.0;595.0;3711.0;2602.0;4150
35;SP;2008;536.0;2706;242;2027.0;2948.0;292.0;3263.0;2265.0;5660.0;6332.0;451.0;199.0;667.0;3715.0;2464.0;3891
35;SP;2009;528.0;2692;248;1974.0;2940.0;235.0;3382.0;2385.0;5882.0;6557.0;413.0;230.0;660.0;3799.0;2618.0;3851
35;SP;2010;538.0;2389;281;1793.0;2671.0;232.0;2911.0;2219.0;5355.0;6039.0;424.0;223.0;678.0;3336.0;2442.0;3469
35;SP;2011;568.0;2304;201;1643.0;2505.0;192.0;2808.0;2293.0;5257.0;5842.0;380.0;179.0;580.0;3189.0;2473.0;3262
35;SP;2012;604.0;2657;218;1957.0;2875.0;205.0;3150.0;2627.0;5920.0;6566.0;370.0;257.0;640.0;3520.0;2885.0;3848
35;SP;2013;711.0;2338;214;1694.0;2552.0;174.0;2823.0;2459.0;5403.0;6035.0;401.0;215.0;620.0;3225.0;2676.0;3440
35;SP;2014;809.0;2542;209;1857.0;2751.0;199.0;2833.0;2612.0;5561.0;6185.0;371.0;227.0;612.0;3205.0;2840.0;3541
35;SP;2015;718.0;2164;169;1556.0;2333.0;175.0;2414.0;2336.0;4860.0;5427.0;349.0;201.0;559.0;2765.0;2537.0;3097
35;SP;2016;713.0;1860;157;1334.0;2017.0;156.0;2284.0;2017.0;4358.0;4870.0;302.0;200.0;507.0;2586.0;2219.0;2720
35;SP;2017;629.0;1798;157;1233.0;1955.0;163.0;2094.0;2002.0;4134.0;4631.0;321.0;166.0;495.0;2415.0;2168.0;2518
35;SP;2018;535.0;1322;139;959.0;1461.0;116.0;1642.0;1571.0;3269.0;3727.0;267.0;176.0;454.0;1909.0;1747.0;2009
35;SP;2019;457.0;1194;122;854.0;1316.0;118.0;1377.0;1535.0;2954.0;3361.0;249.0;149.0;405.0;1626.0;1684.0;1742
35;SP;2020;544.0;1131;127;822.0;1258.0;108.0;1453.0;1505.0;2998.0;3396.0;248.0;146.0;397.0;1701.0;1651.0;1785
35;SP;2021;498.0;1007;86;741.0;1093.0;92.0;1328.0;1373.0;2742.0;3094.0;209.0;131.0;342.0;1537.0;1505.0;1648
17;TO;1979;;0;0;;;;;;;;;;;;;0
17;TO;1980;;0;0;;;;;;;;;;;;;0
17;TO;1981;;0;0;;;;;;;;;;;;;0
17;TO;1982;;0;0;;;;;;;;;;;;;0
17;TO;1983;;0;0;;;;;;;;;;;;;0
17;TO;1984;;0;0;;;;;;;;;;;;;0
17;TO;1985;;0;0;;;;;;;;;;;;;0
17;TO;1986;;0;0;;;;;;;;;;;;;0
17;TO;1987;;0;0;;;;;;;;;;;;;0
17;TO;1988;;0;0;;;;;;;;;;;;;0
17;TO;1989;30.0;15;7;13.0;22.0;6.0;;;49.0;63.0;;;14.0;;;36
17;TO;1990;21.0;19;3;10.0;22.0;4.0;;;47.0;54.0;;;7.0;;;25
17;TO;1991;43.0;30;3;17.0;33.0;3.0;;;83.0;92.0;;;9.0;;;46
17;TO;1992;37.0;21;2;14.0;23.0;3.0;;;60.0;67.0;;;5.0;;;40
17;TO;1993;24.0;30;7;12.0;37.0;3.0;;;81.0;93.0;;;12.0;;;27
17;TO;1994;25.0;42;8;12.0;50.0;5.0;;;95.0;109.0;;;13.0;;;30
17;TO;1995;32.0;35;4;15.0;39.0;3.0;;;72.0;77.0;;;5.0;;;35
17;TO;1996;43.0;48;5;23.0;53.0;6.0;0.0;0.0;105.0;126.0;0.0;0.0;21.0;0.0;0.0;49
17;TO;1997;46.0;40;7;26.0;47.0;4.0;21.0;29.0;93.0;112.0;3.0;4.0;19.0;24.0;33.0;50
17;TO;1998;65.0;41;10;30.0;51.0;13.0;33.0;53.0;110.0;129.0;4.0;12.0;19.0;37.0;65.0;78
17;TO;1999;64.0;57;11;38.0;68.0;6.0;43.0;60.0;121.0;137.0;3.0;9.0;16.0;46.0;69.0;70
17;TO;2000;477.0;81;5;57.0;86.0;8.0;52.0;103.0;160.0;176.0;5.0;10.0;16.0;57.0;113.0;97
17;TO;2001;470.0;79;10;60.0;89.0;11.0;60.0;126.0;189.0;212.0;9.0;14.0;23.0;69.0;140.0;131
17;TO;2002;440.0;73;9;43.0;82.0;7.0;39.0;110.0;150.0;170.0;4.0;16.0;20.0;43.0;126.0;83
17;TO;2003;520.0;80;7;47.0;87.0;5.0;37.0;144.0;182.0;204.0;5.0;17.0;22.0;42.0;161.0;98
17;TO;2004;476.0;91;8;47.0;99.0;6.0;45.0;135.0;180.0;198.0;4.0;14.0;18.0;49.0;149.0;100
17;TO;2005;427.0;80;8;39.0;88.0;6.0;35.0;133.0;169.0;190.0;6.0;15.0;21.0;41.0;148.0;78
17;TO;2006;402.0;113;8;50.0;121.0;6.0;34.0;171.0;207.0;229.0;4.0;18.0;22.0;38.0;189.0;85
17;TO;2007;488.0;83;11;33.0;94.0;8.0;29.0;164.0;196.0;226.0;2.0;26.0;28.0;31.0;191.0;88
17;TO;2008;541.0;111;11;55.0;122.0;10.0;37.0;177.0;216.0;237.0;4.0;17.0;21.0;41.0;194.0;98
17;TO;2009;623.0;120;15;64.0;135.0;12.0;47.0;208.0;258.0;289.0;8.0;23.0;31.0;55.0;231.0;128
17;TO;2010;534.0;160;18;68.0;178.0;9.0;38.0;250.0;293.0;327.0;3.0;30.0;34.0;41.0;280.0;131
17;TO;2011;613.0;137;23;78.0;160.0;13.0;51.0;252.0;311.0;361.0;11.0;36.0;49.0;62.0;288.0;158
17;TO;2012;682.0;165;17;97.0;182.0;18.0;50.0;266.0;330.0;379.0;9.0;40.0;49.0;59.0;306.0;178
17;TO;2013;554.0;126;23;65.0;149.0;12.0;60.0;235.0;307.0;349.0;7.0;31.0;40.0;67.0;267.0;146
17;TO;2014;601.0;173;14;101.0;188.0;13.0;64.0;267.0;342.0;381.0;6.0;29.0;35.0;71.0;296.0;176
17;TO;2015;465.0;227;16;152.0;243.0;13.0;92.0;342.0;454.0;503.0;8.0;39.0;48.0;100.0;381.0;276
17;TO;2016;485.0;263;18;182.0;281.0;14.0;87.0;426.0;532.0;577.0;10.0;30.0;45.0;97.0;456.0;312
17;TO;2017;376.0;282;21;195.0;303.0;18.0;96.0;407.0;517.0;557.0;7.0;30.0;38.0;103.0;437.0;318
17;TO;2018;308.0;278;18;191.0;296.0;19.0;81.0;430.0;520.0;570.0;9.0;36.0;47.0;90.0;466.0;321
17;TO;2019;237.0;211;13;150.0;224.0;16.0;73.0;337.0;420.0;456.0;3.0;32.0;36.0;76.0;369.0;250
17;TO;2020;232.0;231;15;164.0;246.0;16.0;70.0;370.0;448.0;484.0;6.0;29.0;35.0;76.0;399.0;278
17;TO;2021;178.0;199;12;135.0;211.0;14.0;57.0;333.0;401.0;441.0;13.0;22.0;39.0;70.0;355.0;253
