cod;nome;per√≠odo;de-jovens -UF.csv;mulheres-negras;homens-negros;mulheres-nao-negras;de-jovens-mulheres;de-mulheres-por-armas-de-fogo;de-jovens-homens;homicidios;de-jovens-por-armas-de-fogo;mulheres;por-armas-de-fogo;negros;de-homens-por-armas-de-fogo;homens-nao-negros;nao-negros;homens
12;AC;1980;;;;;4.851;;33.73;8.63;;1.37;3.98;;;;;
12;AC;1981;;;;;2.344;;30.44;9.02;;0.66;2.58;;;;;
12;AC;1982;;;;;4.512;;36.15;12.76;;3.2;5.6;;;;;
12;AC;1983;;;;;6.523;;34.9;9.93;;2.47;3.61;;;;;
12;AC;1984;;;;;6.3;;27.45;10.49;;2.38;3.79;;;;;
12;AC;1985;;;;;4.06;;55.21;14.4;;1.15;6.49;;;;;
12;AC;1986;;;;;3.928;;47.59;16.99;;3.35;6.85;;;;;
12;AC;1987;;;;;17.129;;80.9;26.09;;5.96;13.58;;;;;
12;AC;1988;;;;;5.543;;58.0;19.68;;3.16;11.14;;;;;
12;AC;1989;50.68;;;;7.19;1.53;94.8;23.97;25.34;3.07;12.11;;22.3;;;44.2
12;AC;1990;29.1;;;;7.0;1.99;51.6;15.75;15.87;3.0;8.12;;14.0;;;28.15
12;AC;1991;50.54;;;;10.19;3.39;91.6;25.38;32.55;4.37;15.08;;26.4;;;45.85
12;AC;1992;48.1;;;;15.8;3.3;80.3;24.9;26.81;6.13;12.33;;21.1;;;43.2
12;AC;1993;53.93;;;;4.86;2.31;102.2;26.51;29.42;5.56;13.94;;24.8;;;45.57
12;AC;1994;38.43;;;;7.94;2.26;69.4;19.71;18.42;4.99;9.18;;15.9;;;34.04
12;AC;1995;40.84;;;;7.79;4.0;74.4;22.62;25.13;7.12;12.52;;20.8;;;37.29
12;AC;1996;50.88;;;;13.494;2.09;94.55;21.51;19.46;6.27;12.61;;22.9;;;57.79
12;AC;1997;64.67;;;;8.03;2.42;132.81;19.99;24.84;5.66;11.0;;19.3;;;65.76
12;AC;1998;61.13;;;;7.86;1.96;120.48;21.4;22.19;4.72;11.28;;20.4;;;58.84
12;AC;1999;19.13;;;;5.836;0.76;32.66;9.66;3.81;2.68;2.65;;4.5;;;18.88
12;AC;2000;38.22;4.37;31.22;11.1;10.44;1.38;65.11;19.56;11.98;4.49;7.2;16.97;21.1;123.5;61.12;31.04
12;AC;2001;40.03;3.11;43.59;8.32;9.04;1.0;70.07;21.07;20.01;4.02;9.4;22.61;79.0;77.49;39.82;35.54
12;AC;2002;48.88;4.92;61.57;5.51;6.62;0.97;89.89;25.73;21.73;3.57;11.24;32.07;17.93;98.51;47.07;44.6
12;AC;2003;41.48;3.96;58.66;11.1;9.72;1.58;72.31;24.48;16.49;4.73;9.49;29.58;23.85;85.53;43.53;41.1
12;AC;2004;39.1;2.57;27.2;4.81;4.23;2.14;72.95;18.56;16.16;3.06;7.77;14.79;31.68;50.57;24.74;31.66
12;AC;2005;34.26;3.03;30.63;6.4;7.26;0.3;60.5;18.51;9.2;3.87;5.38;16.68;75.0;44.42;22.83;33.06
12;AC;2006;42.67;3.11;35.46;7.17;4.07;0.58;80.23;23.01;11.55;4.35;7.28;19.52;11.74;56.21;28.58;41.69
12;AC;2007;35.52;3.45;31.27;8.82;8.0;1.13;62.31;19.48;14.8;5.08;7.78;17.4;17.11;38.11;21.52;33.98
12;AC;2008;36.86;1.79;24.48;6.27;4.91;0.0;68.01;19.56;13.1;3.58;5.88;13.19;11.19;29.92;16.54;33.57
12;AC;2009;37.23;2.21;34.56;6.45;5.8;0.54;67.92;22.14;15.75;4.3;8.83;18.66;11.04;14.85;10.06;37.58
12;AC;2010;34.8;4.68;30.05;3.13;6.66;1.84;62.3;22.49;15.99;4.99;8.6;17.33;25.77;33.68;16.56;39.3
12;AC;2011;33.85;3.86;32.38;4.07;8.44;1.29;58.71;21.97;12.05;4.64;6.7;17.81;14.53;14.79;8.94;38.57
12;AC;2012;46.22;4.88;55.89;1.03;5.55;1.01;86.05;27.41;20.59;4.05;11.2;30.12;11.79;20.15;9.92;49.82
12;AC;2013;53.77;9.59;54.58;3.37;10.96;2.24;95.7;30.14;26.21;7.97;12.23;32.76;41.8;24.39;13.47;51.51
12;AC;2014;49.5;4.97;53.11;5.14;9.02;1.47;89.11;29.36;26.31;4.9;14.56;29.62;13.64;51.85;26.84;53.15
12;AC;2015;46.18;4.27;51.59;7.18;9.79;1.21;81.73;27.01;28.59;4.58;14.44;28.08;19.28;36.23;21.65;48.84
12;AC;2016;83.92;5.78;88.38;5.17;11.38;2.61;154.79;44.45;54.94;5.46;27.67;46.94;45.95;54.14;28.78;82.55
12;AC;2017;126.29;7.36;123.57;10.6;13.765;3.98;236.26;62.2;100.35;7.95;46.28;65.56;56.75;86.01;47.07;115.01
12;AC;2018;98.24;8.52;96.41;5.93;11.67;5.07;183.53;47.05;79.01;8.06;35.78;52.83;86.19;48.14;25.72;88.12
12;AC;2019;71.6;7.11;74.0;5.38;9.7;3.86;132.63;36.85;50.61;7.26;25.17;40.02;7.21;37.35;20.19;67.36
12;AC;2020;63.93;5.69;66.34;7.23;11.7;3.57;115.2;33.98;52.23;6.03;25.48;35.22;7.42;41.77;23.82;61.03
12;AC;2021;37.89;7.15;42.03;2.59;7.98;1.32;68.37;22.6;32.42;6.17;13.01;24.88;24.7;24.46;13.28;38.82
27;AL;1980;;;;;6.99;;44.37;14.12;;2.97;7.46;;;;;
27;AL;1981;;;;;9.654;;46.43;19.37;;4.26;9.39;;;;;
27;AL;1982;;;;;5.192;;56.37;20.74;;3.31;8.92;;;;;
27;AL;1983;;;;;8.048;;72.9;26.27;;4.8;12.57;;;;;
27;AL;1984;;;;;5.85;;64.32;24.98;;3.96;13.98;;;;;
27;AL;1985;;;;;10.74;;58.32;23.02;;5.11;12.63;;;;;
27;AL;1986;;;;;5.832;;64.49;24.81;;3.7;12.4;;;;;
27;AL;1987;;;;;8.661;;67.8;23.08;;3.96;11.8;;;;;
27;AL;1988;;;;;6.984;;87.0;30.38;;5.04;14.43;;;;;
27;AL;1989;49.6;;;;8.23;1.7;93.6;33.31;20.92;5.34;13.7;;26.2;;;62.6
27;AL;1990;40.57;;;;5.55;0.95;77.5;29.21;16.57;4.37;11.09;;21.6;;;55.1
27;AL;1991;33.24;;;;5.13;1.4;62.8;26.45;13.77;5.21;10.22;;19.0;;;48.03
27;AL;1992;33.4;;;;6.42;1.31;61.9;23.31;18.01;4.09;11.2;;21.5;;;43.42
27;AL;1993;31.9;;;;3.9;2.17;61.7;23.77;19.7;3.75;13.48;;25.3;;;44.72
27;AL;1994;33.91;;;;5.38;1.77;64.2;23.25;21.9;3.55;14.52;;27.8;;;43.88
27;AL;1995;37.82;;;;7.32;2.76;70.3;27.63;26.39;4.51;18.06;;34.0;;;51.84
27;AL;1996;42.37;;;;8.084;3.18;78.49;28.14;30.56;5.19;19.56;;36.7;;;51.45
27;AL;1997;37.82;;;;9.05;3.15;70.83;24.11;25.4;4.55;17.99;;33.5;;;58.14
27;AL;1998;33.58;;;;6.67;2.03;60.89;21.65;24.63;3.27;15.4;;29.4;;;41.13
27;AL;1999;33.74;;;;5.175;2.08;62.48;20.42;25.66;3.96;14.08;;26.6;;;36.47
27;AL;2000;46.8;4.54;50.74;2.16;7.11;2.24;86.41;26.55;32.82;4.34;17.67;27.04;4.43;23.45;11.95;46.34
27;AL;2001;55.9;2.78;53.02;2.65;5.36;1.94;106.09;29.06;42.97;3.61;21.14;27.23;37.78;27.51;13.95;53.47
27;AL;2002;64.13;3.49;58.83;1.64;6.89;2.97;121.27;34.32;49.9;4.62;24.93;30.26;49.35;27.03;13.38;62.75
27;AL;2003;69.67;3.57;56.57;1.13;6.57;2.22;132.73;35.61;53.93;4.37;26.53;29.5;35.02;14.29;7.44;65.45
27;AL;2004;69.88;4.07;65.87;1.76;7.62;2.25;132.2;35.11;53.95;4.83;25.29;34.65;33.82;9.76;5.47;63.93
27;AL;2005;77.5;4.17;71.71;1.67;8.01;2.29;147.19;39.89;59.8;4.71;30.14;37.41;37.5;15.27;7.87;74.39
27;AL;2006;108.6;6.16;94.14;1.21;12.16;4.03;205.5;53.1;91.2;6.68;42.88;50.22;72.07;14.42;7.36;98.79
27;AL;2007;121.77;5.76;105.25;2.5;12.33;4.62;232.01;59.51;105.97;6.8;51.1;54.21;82.52;16.78;9.2;111.68
27;AL;2008;126.08;5.96;129.23;0.672;9.01;3.4;244.35;60.33;112.39;5.13;51.03;66.11;76.35;14.31;6.98;115.69
27;AL;2009;123.24;7.54;124.77;0.51;12.08;4.96;235.91;59.35;107.1;6.8;49.43;64.48;9.91;13.44;6.54;112.14
27;AL;2010;142.68;8.21;134.49;1.45;14.07;5.34;273.53;66.88;123.94;8.32;55.14;69.23;68.47;11.58;6.2;123.25
27;AL;2011;147.09;9.04;162.84;1.62;13.44;5.67;283.6;71.39;131.17;8.32;60.86;82.97;66.64;17.49;9.08;132.27
27;AL;2012;137.81;9.04;148.67;2.83;14.37;5.99;264.39;64.63;123.03;7.97;54.87;76.64;69.97;20.12;10.8;119.45
27;AL;2013;147.78;9.44;148.99;4.32;13.76;6.14;285.53;65.07;132.47;8.46;56.35;77.98;80.23;26.0;14.52;124.52
27;AL;2014;140.49;9.9;153.52;0.878;14.9;5.03;270.25;62.78;126.25;7.4;54.37;78.79;82.93;18.3;8.89;121.13
27;AL;2015;118.91;7.53;131.13;0.222;8.91;3.59;233.0;52.33;105.19;5.59;44.18;66.41;61.18;13.82;6.54;101.69
27;AL;2016;122.39;7.0;136.44;1.32;9.13;4.21;240.0;54.18;108.78;5.91;46.03;69.74;73.03;7.37;4.08;105.25
27;AL;2017;128.65;7.85;132.04;0.228;9.576;4.48;252.29;53.71;112.65;6.46;45.2;67.9;74.41;7.87;3.72;103.88
27;AL;2018;95.61;4.37;95.26;0.65;6.19;2.55;189.04;43.37;82.46;3.88;35.48;48.26;56.65;5.28;2.84;83.57
27;AL;2019;70.32;7.02;83.73;0.0;9.77;2.71;134.19;33.41;57.5;5.18;24.96;44.08;52.28;2.17;1.03;62.15
27;AL;2020;84.62;7.01;98.16;0.0;8.61;2.4;161.9;38.54;60.79;5.1;25.92;51.33;48.66;2.292;1.1;74.88
27;AL;2021;74.48;5.26;85.76;0.0;5.57;1.65;146.25;31.79;27.01;3.7;21.86;43.92;43.87;2.57;1.22;62.36
13;AM;1980;;;;;4.526;;32.71;9.65;;2.97;3.21;;;;;
13;AM;1981;;;;;3.381;;35.59;9.18;;1.91;3.51;;;;;
13;AM;1982;;;;;3.691;;31.66;10.16;;2.62;3.75;;;;;
13;AM;1983;;;;;2.649;;37.4;9.38;;1.51;3.73;;;;;
13;AM;1984;;;;;4.23;;46.99;12.5;;2.54;4.96;;;;;
13;AM;1985;;;;;3.66;;34.46;10.6;;1.98;4.89;;;;;
13;AM;1986;;;;;1.957;;35.14;8.84;;1.24;4.17;;;;;
13;AM;1987;;;;;3.398;;39.2;9.89;;1.74;5.43;;;;;
13;AM;1988;;;;;5.472;;40.5;11.87;;2.42;5.52;;;;;
13;AM;1989;28.55;;;;7.06;0.91;50.2;16.22;14.54;3.16;7.38;;13.6;;;28.9
13;AM;1990;35.59;;;;4.8;1.38;66.6;18.02;20.46;3.07;9.87;;17.9;;;32.31
13;AM;1991;40.05;;;;3.31;1.05;77.1;19.16;23.43;1.73;11.08;;20.9;;;36.2
13;AM;1992;28.54;;;;2.55;0.65;54.7;16.29;12.99;2.43;7.8;;14.4;;;29.56
13;AM;1993;29.28;;;;5.33;0.9;53.4;15.78;15.11;3.0;7.76;;14.4;;;28.26
13;AM;1994;35.53;;;;3.98;1.15;67.4;17.05;16.92;2.4;8.11;;14.9;;;31.37
13;AM;1995;36.41;;;;6.29;1.21;66.8;18.32;17.0;3.65;7.93;;14.5;;;32.74
13;AM;1996;49.31;;;;5.929;1.34;94.43;18.83;18.38;2.78;9.21;;16.9;;;47.43
13;AM;1997;55.47;;;;7.24;1.06;108.53;19.02;16.76;2.69;8.21;;15.1;;;60.58
13;AM;1998;62.67;;;;11.25;1.75;122.4;21.18;18.34;4.14;9.05;;16.2;;;52.74
13;AM;1999;44.56;;;;6.614;1.47;84.3;20.42;17.65;3.97;8.6;;15.6;;;40.1
13;AM;2000;40.34;3.67;63.25;2.02;4.86;0.91;75.18;20.9;18.91;2.52;9.35;32.6;16.06;14.81;8.27;35.41
13;AM;2001;31.78;5.6;48.61;2.72;6.07;1.02;57.06;16.72;13.83;3.76;6.86;26.59;18.89;17.91;10.13;28.78
13;AM;2002;33.97;3.29;51.39;2.18;3.73;1.0;63.73;17.32;12.63;2.34;6.79;27.19;8.0;20.39;10.34;31.21
13;AM;2003;36.56;3.65;57.52;1.5;4.08;0.91;68.52;18.41;11.83;2.29;5.64;30.4;14.34;15.31;8.12;33.34
13;AM;2004;32.28;2.93;35.17;3.47;4.0;0.9;60.1;16.97;14.21;3.14;7.23;19.03;14.23;17.21;10.27;29.7
13;AM;2005;36.44;3.15;37.35;2.26;4.75;0.82;67.62;18.53;16.48;3.01;8.17;20.1;12.43;21.06;11.73;33.53
13;AM;2006;42.96;2.65;41.08;5.29;5.26;1.35;80.04;21.11;23.79;3.26;11.45;22.58;24.01;26.98;15.18;38.45
13;AM;2007;42.65;3.42;47.99;1.79;5.56;1.5;79.1;21.1;26.1;3.13;12.88;25.76;28.33;10.53;5.99;38.63
13;AM;2008;46.52;4.25;54.11;1.84;5.07;1.18;87.24;24.84;27.75;3.72;13.35;29.16;24.31;12.14;6.62;43.77
13;AM;2009;51.32;4.36;56.1;1.96;4.03;1.62;97.78;26.99;34.12;3.87;16.86;30.48;28.2;12.91;6.83;47.49
13;AM;2010;59.29;4.39;67.2;1.27;6.04;1.59;111.57;31.06;37.87;3.69;18.24;35.83;16.84;20.37;10.26;55.8
13;AM;2011;72.86;4.85;79.67;3.51;5.39;1.78;139.07;36.51;54.34;4.51;24.84;41.97;19.76;31.93;17.44;65.16
13;AM;2012;66.51;6.46;77.59;6.62;8.81;2.84;123.11;37.43;46.15;6.45;23.81;42.46;42.47;31.0;18.46;64.79
13;AM;2013;59.13;4.67;62.89;6.08;5.62;1.77;111.61;31.28;39.75;5.15;18.25;34.45;22.64;37.51;20.96;56.91
13;AM;2014;60.11;4.23;68.75;3.31;6.09;1.74;113.09;32.01;39.99;4.21;19.67;36.93;27.33;25.97;14.07;59.23
13;AM;2015;70.92;6.02;77.94;5.25;9.56;2.28;131.13;37.38;48.13;5.95;23.61;42.84;38.48;30.44;17.58;68.23
13;AM;2016;67.68;6.23;77.46;5.43;9.27;2.19;124.92;36.28;41.54;5.9;19.77;42.97;38.35;22.67;13.67;66.08
13;AM;2017;80.51;6.39;89.57;3.75;7.939;2.55;151.54;41.19;51.65;5.76;23.99;48.66;41.79;34.46;18.19;76.01
13;AM;2018;72.35;7.16;80.46;3.54;12.36;2.51;132.42;37.79;50.45;6.25;23.55;44.72;49.86;30.76;15.74;68.0
13;AM;2019;76.28;5.72;78.36;6.64;10.73;2.37;141.57;38.41;52.24;5.72;23.67;42.19;47.62;50.17;27.39;69.77
13;AM;2020;62.3;3.94;63.43;5.74;7.79;1.86;116.0;31.51;41.67;4.05;18.58;34.11;32.72;37.49;22.11;58.75
13;AM;2021;92.73;6.74;85.13;6.94;10.92;3.43;169.62;42.52;71.73;6.34;29.78;47.35;55.91;39.63;23.29;78.36
16;AP;1980;;;;;0.0;;26.28;3.99;;0.0;1.14;;;;;
16;AP;1981;;;;;7.828;;36.59;8.15;;4.36;2.17;;;;;
16;AP;1982;;;;;3.676;;34.31;11.81;;2.06;4.1;;;;;
16;AP;1983;;;;;13.858;;68.2;13.62;;3.9;5.84;;;;;
16;AP;1984;;;;;9.83;;47.46;11.55;;3.71;5.55;;;;;
16;AP;1985;;;;;6.22;;51.4;14.97;;3.54;6.6;;;;;
16;AP;1986;;;;;5.917;;45.81;12.62;;3.38;2.94;;;;;
16;AP;1987;;;;;11.297;;26.2;10.07;;4.04;3.63;;;;;
16;AP;1988;;;;;0.0;;33.4;7.74;;0.0;1.93;;;;;
16;AP;1989;38.19;;;;5.19;0.74;72.2;14.53;17.12;2.24;7.45;;14.1;;;26.7
16;AP;1990;27.88;;;;7.5;1.44;46.3;16.54;13.94;3.61;6.11;;10.0;;;28.66
16;AP;1991;36.43;;;;4.79;1.38;69.0;18.66;10.93;3.47;6.57;;11.7;;;33.75
16;AP;1992;46.22;;;;4.25;1.97;89.2;23.88;25.8;2.63;12.43;;22.7;;;44.87
16;AP;1993;40.97;;;;4.49;1.29;78.5;21.37;29.59;3.25;12.63;;23.8;;;39.38
16;AP;1994;76.35;;;;13.09;2.52;141.4;39.36;36.51;10.11;16.69;;30.7;;;68.42
16;AP;1995;77.57;;;;4.25;1.84;153.0;38.02;36.63;6.77;17.47;;33.0;;;69.06
16;AP;1996;99.0;;;;23.634;4.77;176.32;41.37;46.1;8.49;23.45;;41.8;;;97.69
16;AP;1997;77.95;;;;9.11;3.0;147.64;34.83;24.98;6.01;14.18;;25.2;;;91.02
16;AP;1998;78.86;;;;7.76;3.34;157.0;38.02;33.09;5.74;16.87;;30.2;;;80.36
16;AP;1999;89.64;;;;15.621;2.28;166.38;43.66;30.19;7.78;13.64;;24.8;;;79.75
16;AP;2000;69.63;2.67;67.68;0.0;2.62;0.81;135.96;34.0;15.62;1.62;7.19;38.47;14.4;24.91;11.86;59.68
16;AP;2001;72.36;5.67;74.03;4.02;8.83;0.39;135.53;36.49;13.21;4.66;8.62;44.62;14.16;30.89;16.38;64.26
16;AP;2002;73.26;4.67;81.7;6.34;6.11;1.87;140.3;35.04;17.09;4.48;9.68;44.41;30.72;23.95;14.89;61.61
16;AP;2003;78.98;6.36;78.36;4.03;9.5;1.8;148.56;34.59;30.29;5.4;13.09;43.69;29.35;16.8;10.77;59.86
16;AP;2004;67.07;6.38;63.77;1.49;9.24;1.74;125.07;31.1;29.49;5.21;13.52;35.69;25.36;15.96;8.13;53.48
16;AP;2005;69.25;5.68;65.76;3.15;6.75;1.68;131.93;32.96;18.58;5.04;9.25;36.57;27.31;34.64;18.23;59.73
16;AP;2006;70.19;4.38;70.73;4.26;3.29;0.0;137.2;32.81;26.87;4.23;12.18;39.01;11.57;17.73;10.62;60.52
16;AP;2007;60.9;3.66;55.87;4.47;7.48;1.58;114.28;27.02;21.37;3.79;10.22;30.79;28.82;21.27;12.46;49.79
16;AP;2008;73.44;5.16;63.11;0.0;4.18;0.92;142.41;34.25;23.96;3.98;10.6;36.19;14.92;12.75;5.71;59.36
16;AP;2009;54.91;4.25;59.55;2.42;4.08;0.89;105.34;30.32;21.86;3.57;11.01;33.59;16.19;11.61;6.92;52.54
16;AP;2010;83.5;5.6;69.49;2.55;4.0;1.44;162.13;38.83;35.79;4.62;15.4;39.1;15.45;34.66;18.39;70.31
16;AP;2011;59.34;6.05;57.31;4.05;9.8;2.54;108.2;30.54;25.78;5.35;11.69;32.63;30.52;33.08;18.55;53.5
16;AP;2012;78.12;5.23;65.76;2.92;7.68;1.65;147.45;36.22;38.59;4.68;16.75;36.41;25.26;35.19;17.16;64.99
16;AP;2013;68.6;4.97;53.73;2.45;7.53;1.61;128.62;30.61;32.2;5.11;14.15;30.3;17.69;39.37;18.62;55.52
16;AP;2014;74.01;6.72;75.38;1.07;11.98;2.1;134.96;34.09;45.23;5.26;20.24;40.49;35.01;17.78;8.72;62.29
16;AP;2015;73.73;4.42;85.46;3.08;5.41;1.8;140.95;38.22;42.9;4.63;20.09;45.47;33.66;14.48;8.32;71.12
16;AP;2016;101.42;4.78;117.17;2.31;4.39;1.76;196.94;48.7;66.6;4.28;28.38;59.39;26.59;13.66;7.79;92.3
16;AP;2017;100.22;7.29;102.41;2.44;10.269;2.22;188.82;48.01;47.56;6.65;22.18;55.23;33.24;29.52;15.36;88.56
16;AP;2018;115.68;3.63;111.77;2.32;5.19;2.17;224.85;51.36;67.17;3.62;29.05;58.27;38.09;35.66;16.94;100.36
16;AP;2019;101.8;4.9;99.53;1.08;6.93;2.37;195.13;42.68;67.73;4.5;26.96;51.14;47.66;12.12;5.66;82.02
16;AP;2020;98.31;5.92;96.4;1.2;8.05;2.78;188.5;44.9;59.22;5.11;25.76;51.38;66.27;29.22;12.75;84.58
16;AP;2021;128.19;4.76;120.1;0.0;6.37;2.51;257.03;52.64;35.85;4.33;35.77;60.74;68.95;15.8;7.41;100.8
29;BA;1980;;;;;1.392;;9.16;3.37;;0.88;1.47;;;;;
29;BA;1981;;;;;1.132;;8.93;3.22;;0.74;1.29;;;;;
29;BA;1982;;;;;2.644;;12.59;4.98;;1.6;2.13;;;;;
29;BA;1983;;;;;1.431;;9.4;3.68;;0.84;1.53;;;;;
29;BA;1984;;;;;1.95;;13.5;4.96;;1.05;2.4;;;;;
29;BA;1985;;;;;1.84;;15.26;5.12;;1.11;2.4;;;;;
29;BA;1986;;;;;1.858;;14.18;5.08;;1.14;2.64;;;;;
29;BA;1987;;;;;1.361;;17.3;6.11;;1.49;2.67;;;;;
29;BA;1988;;;;;2.219;;25.6;7.43;;1.51;3.83;;;;;
29;BA;1989;18.1;;;;2.86;0.39;33.8;9.51;10.31;1.38;5.17;;9.96;;;17.7
29;BA;1990;13.5;;;;1.82;0.52;25.5;7.45;8.93;1.31;4.5;;8.46;;;13.62
29;BA;1991;8.02;;;;1.72;0.33;14.5;5.02;3.86;1.06;2.24;;4.18;;;9.01
29;BA;1992;11.98;;;;2.1;0.42;22.1;7.01;7.01;1.3;3.57;;6.77;;;12.81
29;BA;1993;24.03;;;;2.64;0.86;45.8;12.24;18.0;1.93;8.25;;15.5;;;22.51
29;BA;1994;27.63;;;;4.64;1.39;51.3;13.95;20.54;2.85;9.34;;17.4;;;25.21
29;BA;1995;22.14;;;;3.18;1.23;41.5;12.15;17.08;2.58;8.44;;15.6;;;21.79
29;BA;1996;27.85;;;;4.576;1.88;51.57;15.01;23.4;2.77;11.86;;22.1;;;27.09
29;BA;1997;32.36;;;;4.71;1.52;60.35;15.59;22.97;2.72;11.22;;21.1;;;35.04
29;BA;1998;17.6;;;;2.14;0.58;32.34;9.89;12.34;1.55;6.22;;11.9;;;18.36
29;BA;1999;12.23;;;;1.738;0.47;22.28;7.03;8.26;1.34;4.24;;8.12;;;12.52
29;BA;2000;16.49;1.73;15.47;0.935;2.99;0.87;29.43;9.46;11.17;1.95;5.83;8.59;14.54;5.94;3.21;16.35
29;BA;2001;21.58;1.5;21.28;0.799;1.94;0.73;40.41;12.27;17.08;1.79;8.54;11.34;15.88;9.74;4.87;21.9
29;BA;2002;24.33;1.65;22.68;0.863;3.18;0.87;44.6;13.2;18.64;1.78;9.16;12.19;16.76;9.46;4.73;23.62
29;BA;2003;30.19;1.83;28.24;1.09;3.29;0.98;56.03;16.12;23.93;2.19;11.82;15.16;16.19;10.59;5.35;28.85
29;BA;2004;30.89;2.81;30.87;1.18;4.28;1.11;56.5;16.69;24.1;2.78;11.62;16.86;21.45;10.22;5.22;29.3
29;BA;2005;39.96;2.94;39.3;1.32;4.3;1.61;74.35;20.85;30.95;2.99;14.64;21.22;26.86;11.31;5.77;37.58
29;BA;2006;45.62;3.45;46.37;1.3;5.86;1.84;84.08;23.73;36.58;3.42;17.22;24.84;31.7;13.5;6.89;42.81
29;BA;2007;50.67;3.66;50.82;1.56;5.91;1.86;94.13;25.98;41.52;3.48;19.18;27.39;32.77;17.44;8.51;47.26
29;BA;2008;70.52;4.48;67.99;2.07;7.68;2.68;131.75;33.23;59.99;4.38;26.4;36.0;48.67;22.1;11.33;61.78
29;BA;2009;81.3;5.03;79.4;1.72;7.24;3.04;153.77;37.11;70.48;4.77;29.79;42.13;50.95;19.66;9.83;69.51
29;BA;2010;85.61;6.23;84.78;2.28;10.35;3.23;159.56;41.69;70.43;6.02;31.66;45.02;45.93;22.41;11.29;73.46
29;BA;2011;78.25;6.31;77.67;2.2;9.98;3.41;145.61;39.36;64.04;6.13;29.58;41.19;49.87;26.12;12.82;68.89
29;BA;2012;90.39;6.05;86.18;2.55;10.02;3.56;169.98;43.37;72.32;5.93;32.41;45.15;58.06;27.77;14.24;76.81
29;BA;2013;83.82;6.14;79.9;2.67;9.88;3.25;157.29;37.85;68.48;5.71;28.5;42.24;61.35;22.81;12.34;70.54
29;BA;2014;90.7;5.54;87.53;3.02;7.57;2.9;173.49;40.01;75.69;5.17;30.88;45.26;48.99;24.81;13.32;75.57
29;BA;2015;92.17;5.58;86.3;2.67;7.83;2.93;176.35;39.54;74.22;5.1;29.96;44.82;48.26;22.75;12.37;74.75
29;BA;2016;114.27;5.91;102.04;3.35;10.12;3.47;218.4;46.94;92.01;5.86;35.67;52.43;68.28;29.19;15.59;89.19
29;BA;2017;119.8;6.59;106.87;3.45;11.014;3.78;228.66;48.79;91.24;6.44;35.36;55.33;51.55;29.63;15.93;92.31
29;BA;2018;110.67;5.96;98.47;3.05;10.75;3.38;211.67;45.82;84.53;5.62;33.6;50.77;75.4;28.51;15.37;83.68
29;BA;2019;96.96;5.86;90.85;1.94;10.67;3.27;184.33;41.13;77.59;5.18;30.9;47.22;57.07;21.75;11.33;75.13
29;BA;2020;115.8;6.32;103.9;2.84;11.9;3.63;219.1;47.39;87.19;5.78;34.07;54.19;71.56;26.24;13.97;91.35
29;BA;2021;121.2;6.52;107.2;3.24;11.47;3.78;231.22;48.08;46.29;6.0;35.32;55.74;68.75;25.7;13.68;92.66
23;CE;1980;;;;;1.464;;26.68;8.41;;1.14;3.0;;;;;
23;CE;1981;;;;;3.009;;27.9;9.23;;1.49;3.48;;;;;
23;CE;1982;;;;;1.796;;28.13;9.04;;1.35;2.72;;;;;
23;CE;1983;;;;;2.769;;36.2;11.01;;1.68;3.89;;;;;
23;CE;1984;;;;;1.98;;36.93;10.45;;1.37;3.45;;;;;
23;CE;1985;;;;;2.42;;29.18;9.5;;1.38;2.82;;;;;
23;CE;1986;;;;;3.215;;29.76;8.86;;1.75;2.43;;;;;
23;CE;1987;;;;;1.638;;23.6;7.28;;1.3;2.36;;;;;
23;CE;1988;;;;;1.841;;28.4;8.36;;1.09;2.88;;;;;
23;CE;1989;17.58;;;;1.47;0.4;35.0;9.84;7.12;1.48;3.5;;6.77;;;18.7
23;CE;1990;14.64;;;;2.56;0.71;27.7;8.86;7.29;1.4;3.87;;7.2;;;16.78
23;CE;1991;17.21;;;;2.41;0.45;33.2;9.53;7.9;1.62;3.8;;7.34;;;17.93
23;CE;1992;14.9;;;;2.17;0.42;28.4;8.33;5.73;1.27;3.13;;5.97;;;15.74
23;CE;1993;19.85;;;;3.19;0.62;37.8;10.72;9.04;1.81;4.12;;7.83;;;20.14
23;CE;1994;16.77;;;;2.31;0.61;32.1;9.59;6.7;1.73;3.92;;7.39;;;17.8
23;CE;1995;22.81;;;;1.87;0.52;45.4;12.59;10.49;1.59;5.35;;10.4;;;24.25
23;CE;1996;24.31;;;;3.844;0.83;45.72;13.0;10.32;2.41;5.15;;9.64;;;24.1
23;CE;1997;29.63;;;;3.69;0.87;59.5;14.83;13.21;2.39;6.47;;12.3;;;36.01
23;CE;1998;25.62;;;;2.84;0.72;49.69;13.49;13.08;1.56;6.89;;13.3;;;25.68
23;CE;1999;25.84;;;;3.388;0.85;48.9;15.53;13.47;2.5;7.43;;14.3;;;28.07
23;CE;2000;29.35;1.96;26.48;2.24;4.07;1.38;54.67;17.19;16.09;2.72;9.12;13.95;22.93;15.6;8.59;30.18
23;CE;2001;30.11;2.19;26.12;1.52;4.35;1.08;55.86;17.01;15.86;2.88;8.45;13.68;22.55;13.09;7.04;30.75
23;CE;2002;32.97;1.77;25.73;1.18;5.43;1.22;60.46;18.88;19.09;3.11;9.68;13.41;20.07;10.31;5.52;34.2
23;CE;2003;34.15;1.41;26.37;0.79;3.9;1.13;64.32;20.15;19.89;2.53;10.9;13.58;20.45;12.64;6.52;37.32
23;CE;2004;35.92;1.58;24.6;1.1;4.53;1.24;67.19;20.12;22.79;2.98;11.48;12.84;23.5;10.05;5.39;36.82
23;CE;2005;40.37;1.62;27.31;1.12;5.07;1.58;75.42;20.98;26.25;3.42;12.5;14.11;23.57;10.41;5.62;38.78
23;CE;2006;39.76;2.29;33.58;1.21;4.32;1.02;74.98;21.81;27.13;3.17;12.9;17.56;16.25;11.4;6.13;40.89
23;CE;2007;44.55;2.95;47.26;1.89;4.19;1.01;84.63;23.19;31.68;2.95;14.95;24.59;13.42;13.95;7.74;44.07
23;CE;2008;46.87;2.55;46.63;1.28;3.49;1.11;89.91;23.89;33.28;2.71;15.76;24.17;20.93;13.52;7.19;45.96
23;CE;2009;49.29;2.6;44.22;1.87;5.3;1.56;92.75;25.33;37.79;3.16;17.68;22.82;24.22;13.83;7.54;48.49
23;CE;2010;61.41;3.69;56.03;1.89;5.12;2.33;117.23;31.8;50.11;3.92;24.35;29.19;40.16;21.29;11.08;59.72
23;CE;2011;64.44;3.6;54.7;1.58;6.85;2.67;121.54;32.73;51.66;4.25;24.18;28.59;41.47;18.53;9.6;61.33
23;CE;2012;95.88;3.59;61.12;1.81;7.77;3.17;183.28;44.63;83.61;4.89;36.43;31.87;53.19;17.88;9.28;84.68
23;CE;2013;111.7;4.08;68.3;2.43;12.19;4.43;210.44;50.95;98.16;6.16;41.64;35.78;65.18;19.35;10.25;97.42
23;CE;2014;117.31;4.71;76.87;1.77;11.23;4.4;222.59;52.31;102.94;6.27;42.92;40.05;61.21;21.28;10.68;100.14
23;CE;2015;101.87;4.94;68.03;1.51;8.35;3.63;194.7;46.75;90.06;5.55;38.1;35.82;64.72;17.79;9.01;89.6
23;CE;2016;87.66;4.6;73.47;1.02;8.62;3.02;166.13;40.63;74.82;4.73;32.44;38.92;51.51;17.01;8.32;78.01
23;CE;2017;140.25;9.89;143.16;2.38;16.987;6.08;262.58;60.23;126.92;8.06;52.08;75.64;93.49;24.34;12.73;114.61
23;CE;2018;118.44;12.86;129.44;3.33;22.68;8.12;214.88;53.99;106.64;10.17;46.32;69.5;89.65;27.96;14.75;99.71
23;CE;2019;54.46;5.87;63.91;1.52;9.74;3.38;99.52;26.47;46.96;4.7;20.81;33.99;65.43;12.66;6.66;49.23
23;CE;2020;99.8;8.64;102.8;1.6;13.2;5.34;185.8;43.45;90.39;6.74;37.47;55.39;9.47;18.21;9.2;82.4
23;CE;2021;84.88;8.52;88.05;2.71;14.39;5.54;159.55;37.56;88.87;7.05;32.17;47.08;60.46;19.45;10.33;69.97
53;DF;1980;;;;;3.381;;36.83;12.32;;2.16;1.78;;;;;
53;DF;1981;;;;;5.181;;38.06;13.89;;3.22;6.7;;;;;
53;DF;1982;;;;;2.744;;51.0;15.76;;2.18;8.08;;;;;
53;DF;1983;;;;;5.332;;45.5;14.03;;3.46;7.21;;;;;
53;DF;1984;;;;;3.89;;37.87;12.41;;2.77;5.57;;;;;
53;DF;1985;;;;;5.05;;62.7;18.25;;2.97;10.95;;;;;
53;DF;1986;;;;;6.555;;56.42;17.46;;4.25;10.5;;;;;
53;DF;1987;;;;;7.592;;70.5;22.38;;4.4;14.57;;;;;
53;DF;1988;;;;;4.291;;71.0;20.86;;3.89;10.83;;;;;
53;DF;1989;37.55;;;;3.05;0.63;76.8;21.73;23.54;2.91;11.95;;24.1;;;42.0
53;DF;1990;49.85;;;;6.34;2.34;99.4;29.69;31.58;4.94;17.83;;34.5;;;56.45
53;DF;1991;56.78;;;;7.65;2.76;112.7;30.54;40.5;6.25;19.61;;37.8;;;56.86
53;DF;1992;46.2;;;;4.97;1.87;92.9;25.84;32.43;4.69;16.51;;32.3;;;48.75
53;DF;1993;59.16;;;;8.01;3.1;117.4;33.05;43.39;5.63;21.64;;41.7;;;62.63
53;DF;1994;58.57;;;;7.18;3.72;117.1;32.59;45.47;5.64;22.69;;43.2;;;61.67
53;DF;1995;63.92;;;;9.73;2.98;125.6;36.19;51.42;6.31;25.55;;49.9;;;68.57
53;DF;1996;57.96;;;;8.834;3.37;113.09;33.76;45.11;5.49;23.88;;45.9;;;66.64
53;DF;1997;62.43;;;;6.96;3.07;127.53;32.66;46.08;4.91;23.02;;44.6;;;76.15
53;DF;1998;59.83;;;;8.02;3.49;117.93;32.91;50.39;5.4;24.64;;47.5;;;63.16
53;DF;1999;61.14;;;;9.021;3.31;118.22;33.45;48.27;5.85;23.05;;44.4;;;61.7
53;DF;2000;60.02;5.6;100.66;1.29;5.42;2.11;118.49;34.07;49.25;3.76;24.85;51.34;37.92;21.94;10.58;63.04
53;DF;2001;65.26;5.72;99.67;1.41;7.9;2.23;126.72;33.04;52.85;3.93;23.6;50.91;39.86;19.79;9.47;62.47
53;DF;2002;60.23;5.89;87.99;2.35;8.68;2.53;115.45;29.87;48.94;4.36;21.86;45.59;38.99;17.59;9.23;55.92
53;DF;2003;65.26;7.21;103.86;2.39;7.23;3.48;127.31;33.88;54.76;5.27;25.66;52.79;49.83;20.13;10.33;63.01
53;DF;2004;62.19;6.64;92.17;1.36;7.18;2.41;120.89;31.16;51.35;4.32;22.17;47.28;40.19;21.67;10.37;58.58
53;DF;2005;56.96;4.83;87.27;2.4;5.21;2.03;112.06;28.16;44.8;3.81;19.37;43.86;31.3;16.46;8.84;54.61
53;DF;2006;55.82;5.58;84.33;1.56;6.79;2.61;107.92;27.69;42.67;3.88;18.25;43.15;39.16;14.81;7.55;53.64
53;DF;2007;59.65;5.8;84.48;2.22;5.91;2.17;116.68;29.21;48.72;4.26;21.01;43.54;33.85;19.24;9.96;56.43
53;DF;2008;67.29;7.72;96.03;1.17;9.3;2.88;128.81;31.75;53.34;4.86;22.64;49.77;53.46;20.34;9.74;63.01
53;DF;2009;70.57;8.09;99.52;2.32;9.43;3.19;135.43;33.83;60.72;5.64;25.55;51.96;51.36;21.31;10.88;66.45
53;DF;2010;60.05;6.6;89.5;2.38;8.26;3.06;115.03;30.58;50.35;4.8;22.47;46.55;43.05;16.54;8.74;58.05
53;DF;2011;64.48;8.02;101.47;2.42;9.65;3.15;122.67;34.56;52.97;5.66;25.17;53.25;48.32;17.57;9.22;64.87
53;DF;2012;66.69;7.79;103.26;1.73;9.28;2.96;127.5;36.02;55.72;5.43;27.37;54.14;50.05;15.94;8.13;67.47
53;DF;2013;59.24;8.94;92.31;1.72;8.68;2.71;112.59;30.0;48.66;5.42;21.26;49.22;43.6;12.02;6.39;57.27
53;DF;2014;57.04;5.95;86.01;1.95;6.39;2.06;110.25;29.55;48.85;4.11;22.12;43.83;31.08;18.68;9.61;57.85
53;DF;2015;47.58;5.45;66.77;2.06;5.36;1.62;91.68;25.46;38.61;3.91;16.78;34.75;23.43;21.49;11.18;49.36
53;DF;2016;50.43;5.72;64.74;1.74;7.25;2.06;95.35;25.53;41.43;4.26;17.33;34.48;37.02;22.4;11.29;49.37
53;DF;2017;39.67;3.48;50.39;1.9;4.076;1.64;76.56;20.07;31.24;3.02;13.19;25.97;27.82;20.49;10.41;39.23
53;DF;2018;32.77;3.77;42.12;2.9;3.69;1.29;63.18;17.82;25.39;3.56;11.06;22.54;22.79;18.02;9.92;32.28
53;DF;2019;29.3;3.85;40.37;2.72;4.93;1.28;55.06;15.92;20.29;3.51;8.52;21.12;26.29;14.41;8.16;28.47
53;DF;2020;29.32;2.1;34.75;2.34;3.2;1.0;55.54;14.82;19.28;2.2;8.11;17.8;23.36;18.49;10.0;28.47
53;DF;2021;21.44;2.78;30.33;2.83;2.07;0.93;40.29;12.95;35.15;2.86;6.23;16.14;11.96;12.08;7.21;23.87
32;ES;1980;;;;;5.179;;36.29;15.07;;3.59;6.03;;;;;
32;ES;1981;;;;;8.91;;47.06;17.17;;4.09;6.29;;;;;
32;ES;1982;;;;;3.746;;42.86;16.68;;3.03;5.37;;;;;
32;ES;1983;;;;;6.126;;41.2;16.77;;3.51;5.42;;;;;
32;ES;1984;;;;;6.31;;42.98;18.02;;4.05;6.77;;;;;
32;ES;1985;;;;;5.31;;49.7;19.91;;3.69;9.14;;;;;
32;ES;1986;;;;;6.382;;55.92;20.65;;5.4;8.76;;;;;
32;ES;1987;;;;;5.989;;59.1;22.45;;4.35;9.7;;;;;
32;ES;1988;;;;;8.977;;75.2;27.7;;6.14;10.84;;;;;
32;ES;1989;48.42;;;;8.01;2.32;89.2;33.87;24.97;6.01;15.83;;28.9;;;61.2
32;ES;1990;52.52;;;;10.88;2.9;94.6;34.63;29.41;6.91;16.47;;30.0;;;62.27
32;ES;1991;55.58;;;;9.62;2.45;102.2;37.22;30.82;7.29;18.19;;33.9;;;67.2
32;ES;1992;48.02;;;;10.31;2.34;86.2;31.81;26.07;6.43;14.45;;26.5;;;57.13
32;ES;1993;66.91;;;;12.88;2.44;121.7;40.69;38.25;7.47;20.57;;38.7;;;73.91
32;ES;1994;65.95;;;;10.39;3.34;122.3;42.5;38.27;7.86;21.73;;40.1;;;76.94
32;ES;1995;71.45;;;;14.21;3.79;129.5;41.41;43.58;8.81;21.89;;40.0;;;74.16
32;ES;1996;72.56;;;;13.677;4.47;131.18;42.49;43.83;8.73;23.58;;42.8;;;75.41
32;ES;1997;99.21;;;;14.99;4.67;194.03;49.63;64.5;8.92;33.47;;62.5;;;115.6
32;ES;1998;112.52;;;;16.6;6.38;205.79;57.85;80.82;11.2;40.1;;74.0;;;102.55
32;ES;1999;96.0;;;;15.076;5.41;174.46;51.87;79.04;8.67;38.15;;71.2;;;90.8
32;ES;2000;81.24;5.89;76.5;2.98;11.55;3.93;148.64;48.14;62.9;7.05;33.68;40.88;79.81;31.64;17.12;82.4
32;ES;2001;84.26;6.49;79.06;4.26;13.12;4.91;152.87;46.02;65.46;8.11;32.3;42.1;8.77;30.51;16.98;80.99
32;ES;2002;99.13;8.29;89.71;3.38;15.94;5.33;179.6;51.35;80.49;9.02;38.14;48.31;9.95;33.76;17.78;90.38
32;ES;2003;93.34;7.39;88.07;5.4;12.12;4.24;171.89;50.12;73.06;8.42;36.27;48.18;81.44;39.32;22.01;88.65
32;ES;2004;96.73;7.32;94.52;4.06;12.82;4.72;177.87;49.08;78.65;8.08;35.44;50.17;8.28;30.41;16.69;87.08
32;ES;2005;92.56;8.83;93.43;3.99;13.54;5.88;168.96;47.0;74.34;8.67;34.88;50.52;9.34;30.95;16.89;84.16
32;ES;2006;99.81;10.06;101.88;5.41;16.13;5.75;180.71;50.86;79.99;10.52;37.35;56.68;81.18;28.88;16.52;90.13
32;ES;2007;101.9;11.16;113.19;3.8;16.25;6.31;184.69;53.33;83.2;10.57;40.67;61.33;95.58;32.14;17.27;95.26
32;ES;2008;112.11;12.27;119.77;3.55;18.24;6.96;202.81;56.38;94.38;10.67;43.29;64.29;98.82;28.66;15.89;97.59
32;ES;2009;117.0;14.49;118.39;3.75;21.89;7.21;208.86;56.92;97.91;11.99;44.39;66.94;94.13;28.97;15.62;97.01
32;ES;2010;104.05;12.23;113.78;3.9;16.16;5.16;188.88;50.98;87.88;9.54;38.69;62.95;60.79;30.23;16.21;87.57
32;ES;2011;100.98;9.87;107.07;4.49;17.81;5.68;181.2;47.14;89.13;9.04;38.12;57.99;67.89;26.03;14.49;80.43
32;ES;2012;97.53;12.25;110.62;2.01;16.82;5.66;175.32;46.59;87.16;8.71;37.31;61.65;64.88;22.84;11.91;79.4
32;ES;2013;99.35;11.12;103.39;4.45;16.45;6.01;179.2;42.25;87.65;9.02;33.6;57.52;65.77;26.92;15.24;75.69
32;ES;2014;96.76;9.58;105.04;3.06;14.21;4.64;176.22;41.42;85.04;7.29;33.26;56.9;74.18;28.98;15.5;75.75
32;ES;2015;83.82;9.29;92.13;2.93;11.33;4.01;153.56;36.9;71.6;7.25;27.81;49.64;69.64;21.63;11.9;66.69
32;ES;2016;71.55;6.61;78.91;2.19;7.64;2.9;133.02;31.96;62.94;5.28;24.36;42.31;48.08;17.26;9.3;58.81
32;ES;2017;85.98;9.51;91.72;3.14;12.2;4.47;156.95;37.87;78.17;7.58;30.55;50.24;67.87;20.91;11.72;68.33
32;ES;2018;62.77;5.96;74.4;2.56;9.23;2.73;114.99;29.33;55.66;4.96;22.43;39.09;62.91;15.42;8.72;52.53
32;ES;2019;57.91;5.78;67.38;1.57;6.93;2.06;107.43;25.95;50.99;4.75;19.43;35.66;39.03;12.32;6.6;46.29
32;ES;2020;72.42;6.08;70.67;2.0;10.9;2.81;132.7;30.24;62.66;4.89;22.88;37.64;67.16;16.09;8.93;56.08
32;ES;2021;63.71;6.56;67.47;3.32;6.81;2.97;119.24;30.49;39.05;5.99;21.71;36.53;40.99;17.58;10.28;55.72
52;GO;1980;;;;;4.985;;27.6;12.15;;3.48;5.85;;;;;
52;GO;1981;;;;;5.84;;44.22;18.78;;4.71;8.4;;;;;
52;GO;1982;;;;;5.878;;43.08;18.38;;3.41;6.9;;;;;
52;GO;1983;;;;;6.703;;43.0;17.95;;3.92;7.11;;;;;
52;GO;1984;;;;;5.37;;34.18;16.29;;3.41;7.0;;;;;
52;GO;1985;;;;;6.17;;35.45;14.82;;3.83;5.98;;;;;
52;GO;1986;;;;;5.832;;37.6;15.53;;3.57;7.89;;;;;
52;GO;1987;;;;;7.471;;42.7;17.4;;4.47;8.23;;;;;
52;GO;1988;;;;;7.125;;50.5;20.93;;4.85;10.6;;;;;
52;GO;1989;29.55;;;;6.97;2.29;52.5;21.02;19.16;4.75;12.22;;21.9;;;37.0
52;GO;1990;26.01;;;;5.33;1.48;47.2;17.33;15.15;2.96;9.67;;17.6;;;31.42
52;GO;1991;32.66;;;;8.29;2.19;57.7;21.2;18.27;5.49;10.95;;19.6;;;36.76
52;GO;1992;27.39;;;;8.28;2.73;47.0;20.15;15.22;6.1;10.15;;17.5;;;34.15
52;GO;1993;25.12;;;;7.98;2.25;42.7;17.6;14.9;4.62;8.99;;15.6;;;30.41
52;GO;1994;28.29;;;;5.54;1.93;51.7;18.25;17.69;4.4;10.42;;18.8;;;32.03
52;GO;1995;26.47;;;;8.18;2.83;45.2;18.2;15.96;6.0;10.19;;17.4;;;30.18
52;GO;1996;27.73;;;;8.559;2.92;48.07;17.32;16.44;5.27;10.39;;17.8;;;30.51
52;GO;1997;26.27;;;;4.91;1.81;49.43;16.04;14.84;4.05;9.29;;16.6;;;34.12
52;GO;1998;24.01;;;;3.51;1.51;43.87;14.84;15.2;3.2;9.15;;16.4;;;26.09
52;GO;1999;29.2;;;;6.988;2.47;51.61;17.59;19.87;4.83;11.01;;19.4;;;29.89
52;GO;2000;36.64;3.65;32.85;4.49;8.69;2.75;64.43;21.9;27.14;5.49;14.25;18.23;48.82;26.19;14.8;36.94
52;GO;2001;38.82;3.96;40.46;3.68;7.63;2.43;69.93;22.81;27.59;4.97;14.7;21.98;45.24;30.11;16.15;39.77
52;GO;2002;45.84;4.55;43.75;4.15;8.04;2.83;83.43;26.29;33.62;5.39;17.14;24.34;41.63;33.44;18.0;46.07
52;GO;2003;45.43;4.81;44.49;3.72;8.45;2.52;82.1;25.37;33.26;5.22;16.36;25.03;45.46;27.97;15.15;44.23
52;GO;2004;51.3;3.89;52.33;5.37;7.46;1.79;94.64;28.21;37.78;5.09;17.94;27.76;26.28;37.16;20.67;49.71
52;GO;2005;51.54;5.04;57.88;3.6;6.76;1.83;95.68;26.12;38.44;4.68;16.67;31.0;28.52;32.27;17.04;47.23
52;GO;2006;50.66;5.53;58.46;3.75;7.31;2.39;93.25;26.33;36.97;4.95;17.17;32.31;35.29;29.36;15.81;47.4
52;GO;2007;51.63;4.68;53.87;4.19;7.38;2.49;94.95;26.04;39.1;4.73;17.87;29.62;41.5;31.39;17.03;47.17
52;GO;2008;58.54;5.85;67.52;3.9;6.96;2.75;108.86;30.66;44.55;5.36;20.55;36.77;49.86;32.05;17.28;54.65
52;GO;2009;58.44;6.24;72.88;3.61;7.52;2.51;107.94;32.09;44.26;5.45;21.26;39.15;46.86;32.75;17.37;57.18
52;GO;2010;64.62;6.9;77.53;3.62;10.26;2.6;117.28;32.96;47.69;5.92;21.94;41.84;41.68;30.19;16.02;58.28
52;GO;2011;70.89;9.9;85.46;4.78;12.38;4.13;127.38;37.36;55.54;8.38;25.97;47.35;52.97;32.73;17.67;64.1
52;GO;2012;89.14;8.75;100.08;5.18;14.85;4.18;160.65;45.38;70.17;7.77;31.76;54.52;58.32;45.01;23.8;80.01
52;GO;2013;93.42;9.33;101.42;5.26;13.61;4.36;170.04;46.24;75.59;8.39;33.23;56.09;61.92;48.99;26.11;83.79
52;GO;2014;91.28;10.07;100.36;5.83;15.35;4.66;164.0;44.26;75.62;8.83;31.49;55.14;78.08;47.17;25.66;79.36
52;GO;2015;93.82;8.62;102.29;5.76;12.1;4.02;171.93;45.34;77.0;7.64;32.69;55.99;73.97;48.1;26.37;82.64
52;GO;2016;96.43;8.46;102.96;4.13;11.67;3.78;177.23;45.34;77.49;7.02;32.0;55.5;68.77;50.31;25.91;83.23
52;GO;2017;91.57;8.77;97.62;4.52;12.887;3.75;166.62;42.8;73.55;7.44;30.34;52.98;51.46;43.09;22.75;77.76
52;GO;2018;82.0;7.01;88.51;4.75;11.16;3.35;150.41;38.65;66.42;6.31;26.87;47.68;69.95;39.46;21.39;71.31
52;GO;2019;67.26;5.08;73.85;3.15;6.97;1.89;125.06;32.1;49.88;4.55;20.76;39.0;29.24;35.45;18.21;60.16
52;GO;2020;70.5;4.05;69.0;2.71;6.58;1.5;133.1;30.6;51.89;3.73;19.55;36.64;26.31;34.1;17.51;57.84
52;GO;2021;53.7;3.9;54.33;3.75;5.73;1.4;100.5;25.14;38.87;3.98;14.04;29.0;26.87;29.51;15.97;46.58
21;MA;1980;;;;;1.292;;6.63;2.7;;0.5;0.72;;;;;
21;MA;1981;;;;;1.089;;11.08;3.56;;0.59;1.33;;;;;
21;MA;1982;;;;;0.356;;11.22;3.51;;0.38;1.49;;;;;
21;MA;1983;;;;;0.873;;9.7;3.86;;0.84;1.32;;;;;
21;MA;1984;;;;;1.03;;11.12;4.25;;0.69;1.94;;;;;
21;MA;1985;;;;;1.18;;7.91;3.66;;0.54;1.67;;;;;
21;MA;1986;;;;;1.322;;18.44;5.75;;0.49;2.31;;;;;
21;MA;1987;;;;;0.812;;18.6;6.27;;0.69;2.53;;;;;
21;MA;1988;;;;;1.118;;20.3;7.33;;0.98;3.01;;;;;
21;MA;1989;13.93;;;;2.04;0.41;26.1;8.64;6.57;1.17;3.7;;7.02;;;16.2
21;MA;1990;15.68;;;;2.63;0.57;29.2;9.14;6.78;1.31;4.01;;7.49;;;17.07
21;MA;1991;17.57;;;;4.11;0.84;31.5;9.53;9.13;2.17;4.12;;7.43;;;17.0
21;MA;1992;12.24;;;;1.94;0.59;22.8;8.57;5.59;1.2;4.19;;7.76;;;15.97
21;MA;1993;12.35;;;;2.21;0.38;22.9;7.74;5.09;1.29;3.4;;6.37;;;14.22
21;MA;1994;10.04;;;;0.87;0.23;19.5;6.08;4.8;0.92;2.34;;4.45;;;11.29
21;MA;1995;12.6;;;;2.72;0.37;22.8;7.36;5.75;1.52;3.12;;5.85;;;13.25
21;MA;1996;11.61;;;;2.024;0.45;21.04;6.95;6.06;1.18;3.58;;6.7;;;12.55
21;MA;1997;11.21;;;;2.45;0.71;20.77;6.29;4.81;1.73;2.79;;4.82;;;13.58
21;MA;1998;9.34;;;;1.93;0.33;16.14;5.19;4.56;1.11;2.43;;4.54;;;9.25
21;MA;1999;7.3;;;;0.932;0.25;13.18;4.84;2.91;0.99;1.88;;3.52;;;8.35
21;MA;2000;11.05;1.1;10.41;0.547;2.05;0.41;19.72;6.42;3.78;1.09;2.57;5.8;11.68;9.7;4.6;11.0
21;MA;2001;17.0;1.63;17.74;2.08;2.92;0.64;30.61;9.82;6.89;1.81;3.86;9.82;15.75;13.63;7.14;17.26
21;MA;2002;16.9;1.38;20.74;0.875;1.48;0.46;31.87;10.44;6.44;1.29;4.36;11.05;12.15;13.87;6.7;18.98
21;MA;2003;22.92;2.49;26.24;1.45;3.32;0.88;42.02;13.54;9.63;2.25;5.98;14.25;13.39;17.02;8.6;23.98
21;MA;2004;21.36;1.84;25.51;1.18;2.71;0.74;39.63;12.32;10.52;1.7;5.9;13.46;13.26;12.32;6.27;22.14
21;MA;2005;27.03;2.06;30.7;1.01;3.2;0.66;50.48;15.32;14.6;1.83;8.01;16.34;10.42;20.0;9.61;28.24
21;MA;2006;27.59;2.4;30.98;1.01;3.16;0.75;51.72;15.67;13.4;2.08;7.75;16.76;13.99;21.34;10.09;28.69
21;MA;2007;32.37;2.05;38.5;1.54;3.23;0.71;61.27;17.99;18.34;1.93;9.84;20.05;11.53;21.07;10.32;33.42
21;MA;2008;36.94;2.76;42.78;1.44;3.84;0.76;69.92;20.25;21.11;2.45;11.07;22.7;12.49;19.87;10.02;37.19
21;MA;2009;40.07;2.64;45.8;2.33;3.93;0.96;76.22;21.96;23.68;2.6;12.33;24.07;16.23;22.24;11.1;40.34
21;MA;2010;43.41;3.83;49.14;2.24;5.38;1.24;81.57;23.1;24.89;3.46;12.59;26.25;12.35;20.86;10.51;42.71
21;MA;2011;42.77;4.13;49.05;2.53;5.72;1.5;80.07;23.94;26.86;3.84;14.2;26.27;15.53;28.9;14.33;44.07
21;MA;2012;50.03;3.54;54.37;2.28;4.39;1.19;96.1;26.47;34.32;3.32;17.16;28.82;21.02;28.68;14.44;49.74
21;MA;2013;62.04;3.97;66.36;3.13;6.01;1.68;118.72;31.84;41.86;3.79;20.56;35.16;21.93;29.06;15.22;60.3
21;MA;2014;69.91;4.67;74.17;3.18;6.57;2.16;133.95;35.94;51.3;4.37;24.64;39.14;35.26;36.79;18.96;67.98
21;MA;2015;67.28;4.09;71.31;4.2;5.96;1.91;129.31;35.31;51.82;4.23;24.88;37.48;34.02;41.93;21.98;66.9
21;MA;2016;65.09;4.77;71.43;3.31;5.87;2.38;125.06;34.63;46.88;4.51;23.37;37.88;44.78;37.62;19.62;65.34
21;MA;2017;59.85;3.9;67.71;1.73;5.244;1.58;115.08;31.14;44.24;3.58;21.18;34.95;26.15;26.34;13.57;59.3
21;MA;2018;52.57;3.84;59.2;1.51;4.66;1.4;101.22;28.17;37.6;3.42;18.25;31.36;25.44;26.7;13.26;53.37
21;MA;2019;43.12;3.23;49.32;2.73;5.3;1.22;81.39;24.08;30.52;3.17;15.18;26.18;21.06;26.4;14.09;45.33
21;MA;2020;52.13;4.22;59.45;2.48;5.47;1.85;98.37;29.55;40.45;3.86;20.33;31.89;31.37;33.29;17.39;56.08
21;MA;2021;50.04;3.75;56.34;2.59;5.0;1.95;94.77;27.94;77.0;3.59;20.22;29.98;39.17;34.3;16.94;53.17
31;MG;1980;;;;;2.553;;22.54;8.7;;1.97;3.48;;;;;
31;MG;1981;;;;;3.574;;20.63;8.17;;2.38;2.76;;;;;
31;MG;1982;;;;;2.996;;19.66;8.01;;2.25;2.51;;;;;
31;MG;1983;;;;;2.964;;15.7;7.2;;1.97;2.42;;;;;
31;MG;1984;;;;;3.32;;18.46;7.93;;2.45;3.07;;;;;
31;MG;1985;;;;;3.14;;18.51;7.11;;2.23;2.64;;;;;
31;MG;1986;;;;;2.545;;18.03;7.13;;1.96;2.58;;;;;
31;MG;1987;;;;;2.613;;17.9;6.86;;1.87;2.28;;;;;
31;MG;1988;;;;;2.773;;18.1;6.81;;1.95;2.3;;;;;
31;MG;1989;12.58;;;;3.07;0.6;22.2;7.94;5.14;2.18;2.82;;5.05;;;13.8
31;MG;1990;11.87;;;;2.86;0.63;21.0;7.59;5.48;1.89;3.18;;5.77;;;13.38
31;MG;1991;12.22;;;;2.7;0.54;21.8;7.83;6.08;2.0;3.28;;6.04;;;13.72
31;MG;1992;10.77;;;;2.76;0.63;18.8;7.11;5.17;1.92;3.07;;5.51;;;12.33
31;MG;1993;11.74;;;;2.67;0.83;20.9;7.5;6.19;2.22;3.31;;5.82;;;12.85
31;MG;1994;11.43;;;;3.2;0.6;19.6;6.85;5.57;2.06;2.82;;5.05;;;11.63
31;MG;1995;12.19;;;;2.23;0.55;22.1;7.36;7.0;1.74;3.68;;6.82;;;12.92
31;MG;1996;12.87;;;;3.469;1.03;21.99;7.56;7.25;2.2;3.88;;6.76;;;13.12
31;MG;1997;14.08;;;;3.21;0.84;25.08;7.97;8.23;2.1;4.31;;7.83;;;16.89
31;MG;1998;16.03;;;;3.54;0.89;28.67;8.84;10.09;2.33;5.06;;9.3;;;15.49
31;MG;1999;16.5;;;;4.103;0.84;28.74;9.23;8.58;2.54;4.19;;7.58;;;15.69
31;MG;2000;23.08;2.91;26.61;2.04;4.34;1.26;41.28;12.06;17.81;2.72;8.12;14.67;20.08;11.84;6.73;20.52
31;MG;2001;24.5;2.67;30.29;1.84;4.04;1.03;44.35;13.05;18.68;2.57;8.59;16.27;19.22;14.67;7.92;23.18
31;MG;2002;31.33;3.35;39.69;2.34;4.7;1.5;57.12;16.32;24.09;3.1;11.17;21.46;24.6;17.21;9.34;29.13
31;MG;2003;42.79;4.22;49.0;3.1;6.95;2.09;77.47;20.85;34.64;3.92;15.17;26.76;33.84;22.31;12.26;37.26
31;MG;2004;48.69;4.66;55.4;2.34;7.13;2.27;88.89;22.84;40.8;3.86;17.14;29.82;36.41;24.28;12.7;41.3
31;MG;2005;46.34;4.11;51.75;3.03;6.13;2.09;85.2;21.95;38.4;3.86;16.11;27.88;31.33;23.58;12.76;40.18
31;MG;2006;45.18;4.5;49.99;2.86;7.1;2.07;81.9;21.44;37.34;3.98;15.79;26.72;33.48;25.74;13.63;39.13
31;MG;2007;43.92;4.72;48.12;2.72;6.71;2.2;79.87;20.92;35.86;4.07;15.48;26.43;35.57;23.94;12.74;38.14
31;MG;2008;41.32;4.1;46.09;2.73;7.25;1.74;74.25;19.59;33.07;3.78;13.88;24.78;31.4;21.74;11.66;35.65
31;MG;2009;38.76;4.41;41.72;2.76;6.43;1.96;70.01;18.68;30.94;4.0;12.99;22.81;34.51;21.98;11.76;33.62
31;MG;2010;36.93;4.68;42.11;2.88;7.07;1.94;65.79;18.6;28.76;4.04;12.53;23.1;28.24;18.32;10.15;32.31
31;MG;2011;42.75;5.15;49.51;3.29;7.42;2.16;76.89;21.6;34.79;4.48;15.21;26.95;26.95;23.58;12.9;37.68
31;MG;2012;48.12;5.33;51.4;3.09;8.42;2.1;86.47;22.98;38.9;4.48;16.26;28.28;29.62;25.42;13.7;40.32
31;MG;2013;50.17;4.73;53.15;3.13;7.2;1.98;91.63;22.91;42.14;4.13;16.84;28.68;29.23;26.16;14.2;41.85
31;MG;2014;50.2;4.44;54.15;2.96;6.67;1.64;92.23;22.78;41.48;3.87;16.29;29.13;25.64;25.29;13.5;41.89
31;MG;2015;46.8;4.56;51.85;2.9;6.61;1.95;85.58;21.72;38.81;3.96;15.4;27.95;34.2;23.61;12.69;39.65
31;MG;2016;49.78;3.94;51.27;2.67;5.97;1.6;92.03;22.01;40.55;3.56;15.82;27.2;24.66;25.52;13.55;40.68
31;MG;2017;44.21;4.09;46.94;2.73;5.241;1.38;81.76;20.36;36.17;3.66;14.52;25.13;104.49;23.61;12.76;37.26
31;MG;2018;32.64;3.73;36.86;2.4;5.57;1.28;58.98;16.03;26.15;3.27;10.63;19.87;21.02;18.04;9.9;28.63
31;MG;2019;27.27;3.16;30.53;2.03;4.19;1.12;49.67;13.67;21.89;2.75;8.87;16.62;16.57;16.16;8.89;24.49
31;MG;2020;26.31;2.55;27.57;2.41;3.56;0.91;48.41;12.88;20.03;2.49;7.99;15.06;15.8;16.13;9.17;23.59
31;MG;2021;23.71;2.54;27.36;1.9;3.16;0.79;43.66;12.03;63.4;2.29;7.44;14.87;14.3;13.97;7.77;22.07
50;MS;1980;;;;;5.006;;37.56;16.35;;2.71;8.61;;;;;
50;MS;1981;;;;;6.814;;38.68;17.98;;3.97;10.49;;;;;
50;MS;1982;;;;;5.685;;43.4;18.82;;3.14;10.69;;;;;
50;MS;1983;;;;;5.075;;46.1;20.49;;3.88;9.26;;;;;
50;MS;1984;;;;;8.99;;56.26;22.4;;4.45;11.66;;;;;
50;MS;1985;;;;;3.95;;40.21;16.26;;2.23;7.9;;;;;
50;MS;1986;;;;;6.851;;47.52;18.06;;3.7;8.53;;;;;
50;MS;1987;;;;;5.02;;40.7;19.18;;3.61;10.6;;;;;
50;MS;1988;;;;;4.91;;46.5;19.11;;3.16;10.31;;;;;
50;MS;1989;33.8;;;;8.41;2.37;59.4;21.76;19.11;4.64;11.55;;20.2;;;38.2
50;MS;1990;30.8;;;;7.46;1.86;54.4;20.0;14.21;4.65;9.31;;16.5;;;34.77
50;MS;1991;32.27;;;;9.21;2.72;55.3;21.79;20.48;5.33;12.24;;21.2;;;37.6
50;MS;1992;34.74;;;;10.67;3.23;59.1;23.41;20.54;6.47;13.0;;22.6;;;40.07
50;MS;1993;33.46;;;;5.17;1.96;61.8;24.7;21.0;4.26;13.89;;25.2;;;44.23
50;MS;1994;42.58;;;;8.71;2.03;76.6;27.74;25.22;5.15;15.04;;27.7;;;49.69
50;MS;1995;50.88;;;;6.42;2.32;95.7;33.25;37.4;5.38;21.49;;40.1;;;60.28
50;MS;1996;58.08;;;;11.548;5.1;108.9;37.45;40.83;8.24;24.28;;43.1;;;65.73
50;MS;1997;60.07;;;;8.34;3.88;115.26;37.11;41.67;7.26;25.2;;45.8;;;81.75
50;MS;1998;55.41;;;;13.67;4.12;97.74;33.57;37.12;7.35;20.95;;37.5;;;59.97
50;MS;1999;45.9;;;;8.372;3.56;83.18;28.18;29.41;6.25;17.32;;30.9;;;49.19
50;MS;2000;52.5;6.77;57.48;6.35;11.17;3.85;92.79;31.64;41.13;6.75;21.77;33.02;7.15;48.19;26.16;53.76
50;MS;2001;43.91;6.62;54.51;4.8;10.67;3.23;76.29;29.42;31.25;5.9;18.71;31.55;52.83;50.09;25.97;50.84
50;MS;2002;50.73;7.39;55.72;6.95;9.87;3.08;90.46;31.95;32.9;6.98;19.67;33.05;68.48;51.89;28.58;54.51
50;MS;2003;55.03;4.89;60.75;6.46;8.45;3.12;100.22;32.49;38.39;5.7;19.82;33.61;48.33;52.94;28.93;56.74
50;MS;2004;50.4;5.35;57.04;4.2;7.39;2.1;92.04;29.84;34.28;4.82;17.35;32.08;29.69;50.01;25.38;52.45
50;MS;2005;48.07;5.78;56.38;6.2;9.53;2.24;85.32;27.87;30.43;6.03;15.24;31.65;31.72;42.34;23.2;48.21
50;MS;2006;48.59;4.47;60.96;4.75;6.28;1.44;89.4;29.72;33.16;4.67;16.1;33.36;25.08;45.71;24.71;53.07
50;MS;2007;51.86;5.1;56.78;6.31;8.7;2.42;93.44;30.46;33.86;5.6;17.7;32.11;35.73;49.32;26.76;53.47
50;MS;2008;52.08;3.79;55.5;6.1;8.31;1.81;94.21;29.92;34.57;4.94;16.78;30.32;31.77;50.43;26.78;52.55
50;MS;2009;52.98;4.28;62.25;6.46;7.94;2.27;96.3;30.71;36.52;5.27;18.17;33.66;39.03;47.06;26.22;53.53
50;MS;2010;43.41;6.6;56.28;5.05;7.58;1.68;77.85;26.79;27.65;6.07;14.04;31.89;23.91;39.81;21.68;46.34
50;MS;2011;45.43;7.05;63.38;5.54;9.97;2.76;79.51;27.16;28.71;6.15;14.85;35.85;45.8;35.13;19.46;46.99
50;MS;2012;42.97;7.38;61.62;4.99;7.24;1.01;77.29;27.26;25.84;6.0;13.45;35.43;13.84;33.27;18.55;47.25
50;MS;2013;39.14;5.95;53.58;5.56;6.64;1.85;70.34;24.35;21.86;5.77;12.29;29.47;25.94;34.59;19.38;42.74
50;MS;2014;47.65;6.34;55.95;6.41;11.79;1.52;82.04;26.72;30.49;6.45;13.63;31.45;16.87;39.04;21.83;46.79
50;MS;2015;39.21;5.43;52.45;3.22;6.98;1.42;70.09;23.91;25.4;4.35;11.92;28.63;22.34;37.1;19.19;43.32
50;MS;2016;40.61;6.28;51.22;5.61;7.88;1.85;71.93;25.02;23.56;5.92;12.15;28.57;34.41;37.68;21.03;43.95
50;MS;2017;40.64;4.41;53.33;4.51;7.557;1.54;72.29;24.29;23.35;4.46;12.05;28.45;22.43;37.44;20.12;43.91
50;MS;2018;35.22;5.37;43.83;4.31;8.22;1.52;61.69;20.81;17.54;4.77;8.84;24.89;30.05;30.8;16.93;36.82
50;MS;2019;28.09;3.44;37.96;5.74;5.66;1.0;50.04;17.67;14.41;4.36;7.77;20.48;63.0;24.11;14.89;30.98
50;MS;2020;26.77;5.1;36.59;5.08;7.98;1.76;45.01;17.47;13.61;5.01;7.36;21.01;30.44;23.25;14.0;30.13
50;MS;2021;32.91;5.51;44.38;3.81;4.8;2.44;60.39;19.4;50.83;4.61;9.61;25.16;16.9;22.57;13.04;34.37
51;MT;1980;;;;;0.614;;7.0;3.34;;0.73;1.93;;;;;
51;MT;1981;;;;;4.021;;17.91;6.38;;1.21;3.15;;;;;
51;MT;1982;;;;;1.069;;8.61;5.03;;0.65;1.85;;;;;
51;MT;1983;;;;;1.999;;19.5;10.4;;1.37;3.71;;;;;
51;MT;1984;;;;;2.82;;25.45;13.3;;2.14;4.66;;;;;
51;MT;1985;;;;;7.52;;34.16;17.51;;3.24;7.65;;;;;
51;MT;1986;;;;;6.277;;43.97;21.97;;4.48;10.59;;;;;
51;MT;1987;;;;;5.564;;47.1;22.39;;3.65;10.84;;;;;
51;MT;1988;;;;;3.409;;50.1;21.11;;3.37;10.52;;;;;
51;MT;1989;31.92;;;;5.43;0.89;57.3;25.27;14.54;3.45;11.11;;20.6;;;45.6
51;MT;1990;26.37;;;;5.56;1.71;46.4;21.39;11.23;4.17;9.28;;16.3;;;37.43
51;MT;1991;27.96;;;;8.62;2.65;46.6;22.3;15.93;5.01;11.2;;19.1;;;38.41
51;MT;1992;23.37;;;;5.6;1.1;40.3;17.19;11.36;3.51;7.65;;13.4;;;29.62
51;MT;1993;24.03;;;;6.21;1.05;41.2;16.46;12.32;2.97;7.86;;14.2;;;29.03
51;MT;1994;16.55;;;;1.2;0.64;31.3;14.06;8.2;1.85;6.45;;11.8;;;25.45
51;MT;1995;30.44;;;;9.58;2.24;50.5;25.2;15.93;5.91;13.92;;24.7;;;43.08
51;MT;1996;39.02;;;;11.098;3.51;67.77;29.52;29.27;8.04;19.1;;33.4;;;47.47
51;MT;1997;48.22;;;;10.22;3.25;91.31;33.48;27.56;7.95;19.1;;33.6;;;72.69
51;MT;1998;50.41;;;;12.26;4.08;89.58;35.68;36.47;8.25;23.03;;40.6;;;62.33
51;MT;1999;45.95;;;;9.049;3.04;82.45;34.6;30.58;6.18;20.04;;35.9;;;59.85
51;MT;2000;55.48;6.3;67.3;6.69;7.02;3.44;101.48;40.92;42.73;6.47;28.56;38.51;6.75;70.26;36.39;68.49
51;MT;2001;55.21;7.17;66.06;6.76;11.41;3.29;96.8;38.0;36.98;7.2;22.73;38.17;57.65;62.54;33.24;65.08
51;MT;2002;52.72;6.72;66.72;6.89;9.67;3.45;93.61;36.4;35.53;7.05;22.34;37.37;7.55;60.06;31.76;62.16
51;MT;2003;50.98;6.16;61.13;6.99;9.79;3.0;90.11;34.25;33.9;6.76;20.93;34.12;25.0;59.86;32.22;58.35
51;MT;2004;49.7;7.26;58.77;7.02;12.46;2.65;85.08;31.62;29.25;7.29;16.51;33.7;47.88;49.73;26.66;52.87
51;MT;2005;49.82;5.87;62.6;7.29;8.54;2.31;89.05;32.36;32.44;6.42;17.37;35.18;38.23;49.16;26.98;56.19
51;MT;2006;51.67;4.62;64.72;5.54;8.19;1.55;93.0;31.36;34.12;4.95;17.4;35.11;29.88;44.4;24.5;55.96
51;MT;2007;44.07;6.17;56.9;7.44;8.35;2.43;78.03;30.55;29.7;6.59;18.99;33.06;38.21;49.78;26.82;53.0
51;MT;2008;50.79;6.61;68.28;4.61;9.25;2.45;90.29;31.68;34.53;5.86;19.34;38.51;38.38;39.51;21.27;55.94
51;MT;2009;55.23;6.03;73.38;6.49;10.63;2.94;97.67;33.31;36.39;6.29;19.09;40.1;49.18;39.46;22.15;58.61
51;MT;2010;54.08;5.82;68.67;4.46;6.72;1.78;99.17;32.03;36.29;5.26;18.66;38.04;25.42;41.57;22.0;56.82
51;MT;2011;55.26;6.36;67.02;4.65;8.36;2.21;99.94;32.8;37.31;5.65;19.57;37.84;27.53;44.13;23.21;57.92
51;MT;2012;63.3;6.47;72.86;5.88;10.97;2.37;113.2;34.47;43.64;6.41;20.58;40.47;33.25;40.75;22.4;60.37
51;MT;2013;62.96;6.18;79.63;4.85;6.2;2.15;117.12;36.39;47.02;5.75;23.41;43.1;34.4;43.2;23.79;65.24
51;MT;2014;74.15;7.18;89.48;5.94;11.7;2.8;133.77;42.12;53.98;6.92;26.49;48.88;44.4;52.37;28.64;75.52
51;MT;2015;61.91;8.31;79.68;5.48;11.5;3.07;110.02;36.84;45.88;7.25;23.55;43.78;51.7;40.58;23.0;64.75
51;MT;2016;60.28;7.07;77.46;4.78;8.61;2.3;109.63;35.7;45.09;6.3;22.75;42.31;42.18;40.73;22.62;63.54
51;MT;2017;53.99;6.32;70.68;3.93;7.397;2.39;98.51;32.95;38.71;5.5;20.0;38.45;37.18;42.12;22.47;59.1
51;MT;2018;49.48;6.18;60.47;2.9;8.0;1.83;89.96;28.73;34.34;5.19;16.44;33.33;34.6;35.89;19.18;52.17
51;MT;2019;42.57;4.7;52.77;5.24;7.39;1.92;76.46;25.69;28.73;4.89;14.06;28.99;29.42;30.55;17.97;46.31
51;MT;2020;50.7;6.73;55.62;4.6;8.41;2.29;91.4;27.99;36.43;6.03;16.56;31.93;47.16;35.14;19.52;49.13
51;MT;2021;44.0;5.13;49.53;3.61;6.01;1.7;80.49;24.89;65.21;4.6;14.82;27.55;27.56;34.87;19.56;44.61
15;PA;1980;;;;;4.033;;30.13;8.93;;1.67;4.96;;;;;
15;PA;1981;;;;;5.094;;29.15;9.57;;2.7;4.85;;;;;
15;PA;1982;;;;;3.124;;29.12;9.87;;1.99;4.79;;;;;
15;PA;1983;;;;;6.373;;39.3;12.03;;2.87;6.29;;;;;
15;PA;1984;;;;;4.33;;38.03;13.18;;2.04;7.47;;;;;
15;PA;1985;;;;;2.78;;34.57;12.35;;1.68;6.45;;;;;
15;PA;1986;;;;;4.688;;37.7;13.69;;2.57;7.08;;;;;
15;PA;1987;;;;;3.56;;31.6;12.39;;2.03;7.06;;;;;
15;PA;1988;;;;;3.917;;37.0;13.0;;2.1;7.44;;;;;
15;PA;1989;22.99;;;;4.1;1.21;41.8;14.27;12.52;2.21;7.63;;13.9;;;26.1
15;PA;1990;27.72;;;;5.76;1.47;49.6;15.59;17.84;3.29;9.57;;17.4;;;27.58
15;PA;1991;27.13;;;;5.14;1.71;49.1;16.36;16.56;2.94;9.92;;17.9;;;29.45
15;PA;1992;24.25;;;;3.72;1.24;44.5;15.02;15.18;2.24;9.26;;17.0;;;27.44
15;PA;1993;21.69;;;;3.13;0.77;40.3;11.95;12.64;1.78;7.0;;13.1;;;21.97
15;PA;1994;26.47;;;;4.23;1.36;48.8;13.43;15.86;2.23;7.75;;14.0;;;24.46
15;PA;1995;22.97;;;;3.0;0.92;43.0;12.85;13.09;2.18;7.1;;13.1;;;23.35
15;PA;1996;38.91;;;;8.402;1.14;70.12;12.7;10.77;2.87;6.33;;11.3;;;41.98
15;PA;1997;47.25;;;;6.32;1.29;92.12;13.34;12.73;2.73;7.2;;12.9;;;57.05
15;PA;1998;46.16;;;;5.98;1.01;85.32;13.42;14.18;2.36;7.56;;13.9;;;46.13
15;PA;1999;22.0;;;;2.289;0.62;40.78;10.91;10.13;1.34;5.84;;10.8;;;25.04
15;PA;2000;21.94;3.76;44.37;1.27;3.23;0.76;39.76;13.42;12.96;2.0;7.68;23.36;13.37;20.02;9.61;22.74
15;PA;2001;26.4;4.46;47.23;3.11;4.83;1.42;46.97;15.23;14.81;3.0;8.56;25.06;24.32;19.07;10.14;26.07
15;PA;2002;31.72;3.75;62.56;1.48;3.18;1.0;58.99;18.47;18.72;2.21;10.75;32.32;11.94;22.94;11.17;32.93
15;PA;2003;36.8;4.41;68.95;2.53;4.73;1.34;67.49;21.37;22.96;2.76;13.25;35.88;22.89;27.89;14.05;37.86
15;PA;2004;39.26;2.83;46.43;1.81;4.25;1.22;72.82;22.69;26.09;2.7;14.15;24.74;21.83;21.91;11.02;40.43
15;PA;2005;51.53;3.62;61.45;2.95;5.54;1.6;95.56;27.63;33.72;3.62;17.14;31.82;25.81;21.96;11.42;50.05
15;PA;2006;55.57;4.21;63.59;2.44;5.26;1.98;103.88;29.15;36.16;3.91;18.21;33.64;32.15;19.2;10.1;52.83
15;PA;2007;58.37;4.01;66.49;2.85;6.22;1.59;108.49;30.27;39.7;3.95;19.53;35.14;29.25;20.96;11.21;55.16
15;PA;2008;74.57;4.77;84.13;3.14;7.63;2.39;138.93;39.06;52.9;4.55;26.35;44.46;37.47;26.76;13.73;71.19
15;PA;2009;77.4;5.11;89.04;2.62;7.54;2.22;144.6;40.22;55.99;4.76;27.33;46.42;37.04;24.93;13.03;73.1
15;PA;2010;86.38;6.57;102.23;3.35;10.47;3.27;159.34;46.44;65.58;6.0;32.97;53.94;50.25;30.71;15.99;84.47
15;PA;2011;77.87;5.08;87.86;2.95;7.14;2.72;145.93;39.97;57.23;4.77;27.01;46.31;45.61;27.87;14.47;73.01
15;PA;2012;79.22;6.46;87.69;3.15;10.24;3.01;145.51;41.37;57.69;5.87;27.33;47.11;50.33;30.69;15.73;74.83
15;PA;2013;78.26;5.98;89.18;4.13;8.32;3.03;145.45;42.72;54.93;5.78;27.86;47.84;51.8;31.64;17.19;77.92
15;PA;2014;79.52;6.62;87.27;2.75;10.33;3.26;146.07;42.68;58.12;6.15;28.44;47.64;52.9;28.14;14.88;77.74
15;PA;2015;84.23;7.18;95.58;2.41;9.67;3.51;155.95;44.95;63.61;6.37;30.94;51.48;57.6;26.91;14.07;81.93
15;PA;2016;97.99;8.27;105.91;1.7;11.38;4.29;181.27;50.85;76.8;7.09;36.7;57.7;87.24;34.51;16.87;93.41
15;PA;2017;105.3;8.58;114.1;2.42;11.308;4.82;195.62;54.68;83.3;7.42;40.18;61.72;87.51;41.12;20.39;100.3
15;PA;2018;103.19;8.28;111.13;3.76;12.33;4.65;191.18;53.19;85.52;7.62;40.39;60.03;82.94;35.07;18.59;97.66
15;PA;2019;75.98;5.87;84.4;2.4;9.23;3.15;140.53;39.58;57.65;5.41;27.22;44.84;55.69;25.47;13.34;72.92
15;PA;2020;60.74;4.65;67.67;2.85;7.1;2.28;113.0;32.32;45.99;4.45;21.7;35.95;43.43;23.17;12.71;59.79
15;PA;2021;60.82;5.25;65.97;2.12;7.67;2.28;108.83;32.43;56.21;4.74;22.09;36.28;41.68;20.52;10.98;59.74
25;PB;1980;;;;;3.477;;31.8;10.9;;2.3;4.58;;;;;
25;PB;1981;;;;;3.408;;33.44;12.2;;2.96;4.74;;;;;
25;PB;1982;;;;;4.115;;28.62;11.53;;2.58;3.93;;;;;
25;PB;1983;;;;;4.037;;38.3;12.48;;2.74;4.16;;;;;
25;PB;1984;;;;;2.48;;36.84;13.19;;2.25;5.02;;;;;
25;PB;1985;;;;;5.11;;42.67;12.81;;2.48;4.72;;;;;
25;PB;1986;;;;;6.928;;46.69;15.8;;3.79;6.49;;;;;
25;PB;1987;;;;;4.931;;38.0;12.38;;3.62;4.89;;;;;
25;PB;1988;;;;;5.774;;38.8;13.03;;3.01;5.06;;;;;
25;PB;1989;22.77;;;;5.46;1.3;41.5;14.77;12.04;3.22;7.11;;13.3;;;27.1
25;PB;1990;21.46;;;;2.91;1.1;41.4;13.93;11.02;2.51;7.09;;13.5;;;26.15
25;PB;1991;20.83;;;;2.86;1.32;40.1;12.53;8.99;2.42;5.62;;10.2;;;23.34
25;PB;1992;18.63;;;;3.28;1.44;35.0;11.02;11.4;2.16;6.77;;12.4;;;20.5
25;PB;1993;18.67;;;;2.15;0.76;36.2;11.15;10.45;1.54;6.26;;12.1;;;21.31
25;PB;1994;22.44;;;;1.91;0.93;44.0;11.64;10.78;1.64;5.68;;10.7;;;22.16
25;PB;1995;25.6;;;;7.79;1.67;44.7;13.68;14.27;3.82;7.16;;13.0;;;24.24
25;PB;1996;32.11;;;;9.117;2.4;55.22;19.24;16.15;6.21;8.32;;14.6;;;32.59
25;PB;1997;29.13;;;;4.49;1.56;59.13;14.77;17.96;2.44;9.81;;18.5;;;35.01
25;PB;1998;27.07;;;;5.18;1.38;51.24;13.57;17.73;2.37;8.68;;16.4;;;25.79
25;PB;1999;21.67;;;;2.72;1.09;41.6;11.94;14.72;1.95;7.58;;14.5;;;22.37
25;PB;2000;30.25;3.23;35.31;0.888;4.06;1.76;56.65;14.92;23.12;2.43;10.95;19.3;31.52;7.73;4.04;27.35
25;PB;2001;28.76;2.82;26.61;1.3;4.78;1.25;52.84;13.95;21.07;2.45;9.98;14.83;23.93;8.13;4.41;25.67
25;PB;2002;31.58;2.4;36.11;0.998;4.31;1.35;58.68;17.37;22.26;2.48;12.16;19.61;22.76;7.08;3.86;31.9
25;PB;2003;32.72;2.19;40.82;0.56;2.7;1.18;62.72;17.51;25.09;1.87;13.04;21.38;21.77;7.39;3.7;33.2
25;PB;2004;33.35;4.25;44.1;0.68;3.24;2.17;63.4;19.06;24.49;3.18;13.23;24.28;32.03;6.25;3.28;34.7
25;PB;2005;38.06;3.86;48.5;1.0;4.73;1.89;71.3;20.72;29.28;3.26;15.1;26.16;30.24;7.07;3.82;38.42
25;PB;2006;43.01;4.3;56.25;1.22;4.51;2.03;81.38;22.77;35.03;3.23;17.33;30.45;32.83;5.91;3.41;42.47
25;PB;2007;43.17;4.6;60.97;1.11;5.44;2.17;80.79;23.67;34.84;3.56;18.02;32.29;33.86;5.05;2.96;43.8
25;PB;2008;52.55;6.54;72.54;1.03;5.63;2.51;99.36;27.49;41.87;4.46;20.04;39.73;45.27;6.72;3.58;51.58
25;PB;2009;66.73;6.92;90.86;1.38;9.4;3.41;124.0;33.5;57.14;4.99;27.03;48.24;51.63;6.28;3.71;63.19
25;PB;2010;78.9;8.06;103.67;1.05;9.83;3.99;148.06;38.63;69.34;6.01;32.07;55.25;57.21;7.52;4.0;71.93
25;PB;2011;87.35;9.62;111.21;2.24;12.96;5.43;162.06;42.57;78.28;7.03;36.37;59.89;54.39;10.44;5.83;78.74
25;PB;2012;87.0;9.17;96.05;1.09;11.35;4.45;163.2;39.97;74.06;6.85;32.08;51.36;60.17;13.28;6.64;73.58
25;PB;2013;87.32;8.67;99.06;1.61;12.45;4.18;162.98;39.62;75.29;6.28;32.14;52.06;61.79;12.87;6.95;74.95
25;PB;2014;86.01;8.15;103.5;1.69;11.21;4.01;161.83;39.33;75.13;5.8;31.77;54.39;59.44;10.5;5.85;74.9
25;PB;2015;82.85;7.0;101.94;1.77;11.32;3.59;155.55;38.32;73.75;5.46;31.82;52.71;61.8;11.12;6.12;73.01
25;PB;2016;70.47;6.66;89.28;1.92;9.0;3.03;133.02;33.88;60.19;5.24;26.5;46.52;52.2;10.55;5.83;64.41
25;PB;2017;71.97;5.56;90.07;1.51;8.249;2.48;136.84;33.31;59.99;4.28;26.18;46.4;41.2;13.44;7.07;64.29
25;PB;2018;66.58;5.23;83.93;1.42;7.36;2.71;127.36;31.13;56.88;3.97;25.17;43.63;62.11;8.88;4.91;59.23
25;PB;2019;45.26;3.84;61.46;1.58;4.63;1.88;86.97;23.72;38.07;3.46;17.97;31.8;27.92;7.28;4.26;44.66
25;PB;2020;53.17;5.39;69.23;2.36;8.07;2.67;98.3;28.24;46.11;4.49;22.75;36.74;51.47;10.99;6.45;53.72
25;PB;2021;57.35;4.58;69.43;2.19;6.74;2.04;106.16;28.17;64.02;3.94;22.9;36.54;45.29;11.78;6.84;54.18
26;PE;1980;;;;;6.373;;57.41;18.25;;3.78;9.97;;;;;
26;PE;1981;;;;;7.84;;71.31;22.62;;4.01;12.19;;;;;
26;PE;1982;;;;;5.464;;73.85;23.91;;3.8;12.48;;;;;
26;PE;1983;;;;;9.853;;84.0;25.7;;4.71;15.07;;;;;
26;PE;1984;;;;;7.1;;94.1;28.58;;3.96;17.76;;;;;
26;PE;1985;;;;;8.13;;106.91;30.51;;4.84;19.87;;;;;
26;PE;1986;;;;;6.644;;108.75;30.57;;4.81;20.95;;;;;
26;PE;1987;;;;;6.636;;115.3;32.29;;4.0;21.88;;;;;
26;PE;1988;;;;;6.229;;113.2;32.82;;4.54;22.01;;;;;
26;PE;1989;67.91;;;;8.9;2.53;131.1;36.75;48.3;4.82;24.44;;47.8;;;70.9
26;PE;1990;69.38;;;;9.84;3.05;133.0;39.0;48.12;6.02;24.58;;47.5;;;74.26
26;PE;1991;70.54;;;;9.58;3.39;135.5;41.3;51.74;6.3;28.17;;54.5;;;78.6
26;PE;1992;53.48;;;;7.12;2.5;102.2;35.27;38.85;4.61;23.95;;46.7;;;67.84
26;PE;1993;68.39;;;;8.98;3.12;131.6;37.87;52.65;5.78;25.95;;50.3;;;72.17
26;PE;1994;66.01;;;;7.41;2.96;128.5;35.18;51.05;5.01;25.74;;50.1;;;67.38
26;PE;1995;64.93;;;;8.8;3.32;124.6;36.35;53.34;5.33;27.84;;54.0;;;69.47
26;PE;1996;72.13;;;;7.741;3.92;139.36;40.84;60.0;6.4;31.42;;60.7;;;76.17
26;PE;1997;102.98;;;;9.37;3.75;205.41;49.73;83.11;6.29;40.18;;79.0;;;118.94
26;PE;1998;120.21;;;;11.18;5.03;234.76;58.79;102.94;7.12;48.53;;95.0;;;113.9
26;PE;1999;107.82;;;;11.489;5.25;206.09;55.63;99.6;6.76;47.62;;92.9;;;103.87
26;PE;2000;105.19;7.57;119.91;4.65;13.06;5.06;196.95;56.17;93.27;7.39;47.35;61.98;9.83;36.39;19.43;100.3
26;PE;2001;115.33;7.63;136.22;3.5;10.7;4.57;219.39;58.81;102.64;6.92;49.31;69.82;6.6;35.99;18.6;109.92
26;PE;2002;107.57;6.8;133.69;4.58;9.42;4.23;205.14;54.37;94.23;6.37;45.01;69.31;85.19;31.67;17.3;101.59
26;PE;2003;108.94;6.79;128.27;3.36;10.9;4.28;206.49;55.34;94.65;6.3;46.14;66.15;87.42;35.65;18.46;103.61
26;PE;2004;101.84;7.32;124.74;3.4;11.64;4.3;191.61;50.66;86.91;6.28;40.17;63.59;78.46;27.87;14.63;94.24
26;PE;2005;106.48;8.11;123.91;2.27;10.93;4.43;201.62;51.46;91.29;6.34;41.71;64.62;79.3;28.65;14.68;96.92
26;PE;2006;106.16;9.04;135.78;2.26;11.14;4.39;200.85;52.6;90.33;6.9;42.25;70.03;80.53;24.91;12.74;98.72
26;PE;2007;109.33;8.71;140.53;2.05;11.28;4.23;207.07;53.04;93.6;6.39;43.67;73.81;70.53;16.8;8.77;100.18
26;PE;2008;106.23;8.66;136.69;2.59;10.95;3.62;201.09;50.9;87.46;6.51;39.49;70.81;9.86;25.3;13.28;96.45
26;PE;2009;92.63;8.67;114.94;2.41;11.77;4.02;173.54;44.98;78.74;6.57;35.38;60.74;77.76;23.37;11.76;84.46
26;PE;2010;80.59;6.67;98.92;1.67;9.69;3.26;151.63;39.48;65.71;5.29;30.12;51.85;46.4;16.28;8.2;73.91
26;PE;2011;79.0;7.43;97.01;1.21;9.49;3.04;148.59;39.15;63.02;5.55;28.66;51.29;46.82;14.32;7.1;72.78
26;PE;2012;74.84;5.97;96.27;1.25;7.82;2.45;142.12;37.25;59.71;4.56;27.71;49.76;37.52;11.57;5.93;70.07
26;PE;2013;70.94;7.56;86.86;1.58;9.93;2.91;132.31;33.92;56.33;5.37;24.97;46.3;48.35;13.91;7.17;64.2
26;PE;2014;78.51;6.59;87.85;2.05;9.4;2.87;148.09;36.19;64.98;4.97;27.41;46.36;47.53;25.64;12.78;69.23
26;PE;2015;89.78;6.44;103.29;2.04;8.6;2.64;171.24;41.16;76.37;4.81;32.8;52.81;38.59;27.66;13.87;79.65
26;PE;2016;105.39;7.22;117.06;2.44;10.95;3.0;200.54;47.26;88.31;5.79;36.93;60.4;11.63;35.7;17.84;91.29
26;PE;2017;133.04;7.62;144.9;3.15;11.384;3.85;255.41;57.2;115.77;6.32;47.27;73.18;56.72;42.09;21.26;111.3
26;PE;2018;95.42;5.68;110.65;2.75;8.92;2.78;182.98;44.12;83.23;4.86;35.48;56.0;68.09;37.06;18.21;85.45
26;PE;2019;79.24;4.75;88.66;2.71;8.54;2.56;151.3;36.35;67.24;4.11;28.39;45.25;50.85;33.71;16.99;70.36
26;PE;2020;86.94;5.27;94.89;2.57;8.53;2.67;165.2;39.36;75.79;4.45;32.01;48.53;63.75;36.96;18.54;77.07
26;PE;2021;74.24;5.9;81.83;2.73;9.33;3.04;135.41;35.54;92.43;4.86;28.95;43.44;56.98;35.6;18.16;68.71
22;PI;1980;;;;;1.0;;9.12;2.34;;0.64;0.28;;;;;
22;PI;1981;;;;;0.978;;8.92;3.4;;0.54;1.06;;;;;
22;PI;1982;;;;;1.277;;11.17;5.01;;1.24;1.26;;;;;
22;PI;1983;;;;;0.0;;13.0;5.54;;1.3;1.64;;;;;
22;PI;1984;;;;;1.23;;11.36;4.09;;0.77;1.57;;;;;
22;PI;1985;;;;;1.2;;7.2;3.25;;0.59;0.98;;;;;
22;PI;1986;;;;;0.59;;9.94;4.32;;0.9;1.09;;;;;
22;PI;1987;;;;;0.289;;10.4;3.39;;0.48;1.2;;;;;
22;PI;1988;;;;;1.137;;15.1;5.73;;1.59;1.54;;;;;
22;PI;1989;9.89;;;;2.24;0.54;18.2;5.68;4.36;1.33;2.4;;4.33;;;10.2
22;PI;1990;7.43;;;;0.55;0.07;14.9;4.29;2.29;0.39;1.3;;2.57;;;8.38
22;PI;1991;6.03;;;;1.62;0.22;10.8;3.99;2.1;0.83;1.2;;2.21;;;7.29
22;PI;1992;5.65;;;;1.07;0.15;10.5;3.54;2.07;0.75;1.15;;2.2;;;6.45
22;PI;1993;7.48;;;;2.09;0.29;13.3;4.4;2.59;0.96;1.13;;2.0;;;8.02
22;PI;1994;7.25;;;;1.29;0.07;13.7;3.68;2.55;0.73;1.19;;2.35;;;6.77
22;PI;1995;7.03;;;;2.3;0.5;12.2;4.18;3.72;1.36;1.72;;3.0;;;7.14
22;PI;1996;6.35;;;;0.481;0.14;12.92;4.38;2.65;1.03;1.5;;2.9;;;7.62
22;PI;1997;10.62;;;;1.15;0.29;20.66;5.27;2.5;0.95;1.71;;3.17;;;12.23
22;PI;1998;10.02;;;;2.15;0.28;18.02;5.16;3.0;1.44;1.47;;2.63;;;9.07
22;PI;1999;9.51;;;;1.01;0.07;18.07;4.86;4.27;0.5;2.05;;4.1;;;9.22
22;PI;2000;15.02;0.68;12.1;0.937;1.67;0.13;28.13;8.35;6.56;0.94;3.56;6.38;10.4;13.02;6.28;15.04
22;PI;2001;15.45;2.06;13.73;2.01;4.66;0.47;26.2;9.12;7.43;2.33;3.55;7.81;14.91;12.2;6.55;15.7
22;PI;2002;18.38;1.58;17.91;1.81;2.05;0.66;34.61;10.63;7.38;1.78;4.14;9.95;16.41;12.69;6.91;19.16
22;PI;2003;17.35;2.03;18.49;2.04;4.25;0.65;30.34;10.19;9.23;2.08;4.89;10.25;10.01;9.33;5.38;18.01
22;PI;2004;18.96;1.18;20.3;2.88;3.75;0.52;34.01;11.09;8.77;1.68;4.4;10.67;10.83;12.88;7.6;20.26
22;PI;2005;22.82;2.39;23.22;2.2;3.06;0.7;42.34;12.24;10.87;2.56;5.02;12.51;10.72;13.7;7.53;21.88
22;PI;2006;26.0;2.34;27.56;1.07;4.14;0.7;47.57;13.77;12.57;2.03;6.32;14.96;11.98;15.61;7.57;25.54
22;PI;2007;20.18;1.98;23.44;2.47;2.62;0.94;37.51;12.49;11.18;2.2;6.07;12.78;11.69;16.93;8.95;22.74
22;PI;2008;20.42;2.53;21.86;1.71;3.52;0.5;37.11;11.57;9.83;2.37;5.1;12.22;11.9;14.81;7.87;21.1
22;PI;2009;22.64;1.74;24.96;1.99;2.67;0.87;42.39;12.24;12.92;1.92;5.85;13.01;15.01;14.94;8.24;23.0
22;PI;2010;21.87;2.25;25.03;2.74;2.48;0.98;41.1;13.18;12.9;2.46;6.64;13.42;103.21;13.42;7.85;24.0
22;PI;2011;25.47;2.28;27.19;1.05;2.52;0.61;48.3;14.01;16.79;1.96;7.99;14.61;11.89;14.87;7.62;26.3
22;PI;2012;31.33;3.13;33.94;1.34;4.66;1.1;57.95;16.61;21.08;2.8;9.84;18.18;17.08;14.6;7.36;30.78
22;PI;2013;39.05;3.0;37.69;2.53;4.74;1.33;73.41;18.78;27.77;2.85;11.46;20.02;15.16;16.72;9.18;35.18
22;PI;2014;47.26;4.14;43.76;1.13;5.53;1.51;89.19;22.45;34.24;3.81;14.24;23.6;15.38;11.55;6.29;41.82
22;PI;2015;39.97;4.41;38.4;2.33;6.8;1.99;73.37;20.29;28.27;4.03;12.48;21.31;37.16;16.88;9.21;37.15
22;PI;2016;45.16;3.39;44.74;0.787;4.17;1.32;86.47;21.82;32.61;3.0;13.7;24.0;16.19;14.66;6.97;41.44
22;PI;2017;38.89;2.95;41.13;2.58;4.951;1.49;73.11;19.45;27.34;3.11;11.68;21.47;17.6;14.63;8.3;36.5
22;PI;2018;38.88;3.24;38.08;1.49;5.46;0.83;72.78;18.96;26.72;3.1;11.43;20.35;16.16;12.84;7.04;35.96
22;PI;2019;30.72;2.57;35.46;3.31;4.35;1.01;57.36;17.38;23.14;2.79;10.69;18.49;15.87;14.56;8.6;33.09
22;PI;2020;39.62;2.99;40.2;3.12;5.01;1.35;74.03;20.53;30.22;3.19;13.31;21.08;25.54;22.32;12.35;38.7
22;PI;2021;46.23;3.92;47.85;3.9;7.39;2.23;80.9;23.28;18.08;4.0;16.96;25.27;32.62;20.07;11.94;43.68
41;PR;1980;;;;;3.081;;26.21;10.89;;2.3;4.81;;;;;
41;PR;1981;;;;;3.231;;28.82;12.08;;2.44;5.86;;;;;
41;PR;1982;;;;;4.329;;35.74;13.85;;2.59;6.28;;;;;
41;PR;1983;;;;;3.09;;34.9;14.69;;2.77;7.01;;;;;
41;PR;1984;;;;;4.08;;37.31;13.45;;2.86;5.97;;;;;
41;PR;1985;;;;;3.88;;29.15;11.51;;2.58;5.49;;;;;
41;PR;1986;;;;;3.013;;32.25;11.53;;2.31;4.9;;;;;
41;PR;1987;;;;;3.819;;30.0;11.31;;2.85;5.52;;;;;
41;PR;1988;;;;;4.201;;34.5;12.2;;2.62;5.53;;;;;
41;PR;1989;20.71;;;;3.68;0.93;38.0;13.4;10.54;2.53;6.0;;11.0;;;24.2
41;PR;1990;22.03;;;;4.38;1.19;40.1;13.95;11.45;2.98;6.43;;11.6;;;24.95
41;PR;1991;21.12;;;;4.83;1.22;37.8;14.5;10.82;3.51;6.65;;12.1;;;25.5
41;PR;1992;19.84;;;;3.4;1.09;36.3;12.77;10.98;2.7;6.48;;11.9;;;22.82
41;PR;1993;22.69;;;;4.91;1.22;40.9;14.4;12.81;3.2;7.44;;13.7;;;25.71
41;PR;1994;22.65;;;;4.24;1.33;41.5;14.56;14.14;2.99;8.18;;15.0;;;26.24
41;PR;1995;26.27;;;;5.54;1.8;47.5;15.92;17.55;3.73;9.49;;17.2;;;28.2
41;PR;1996;28.88;;;;6.484;1.61;51.94;15.32;17.36;3.4;8.74;;15.9;;;28.44
41;PR;1997;31.31;;;;5.52;1.39;60.33;17.29;18.06;3.41;9.8;;18.3;;;39.69
41;PR;1998;30.18;;;;5.48;1.45;54.81;17.55;19.75;3.82;10.38;;19.4;;;31.4
41;PR;1999;31.45;;;;4.971;1.71;57.71;18.2;22.03;3.86;10.95;;20.3;;;32.32
41;PR;2000;33.71;2.23;30.43;3.49;4.49;1.54;62.56;18.85;23.43;3.32;11.51;17.04;24.88;33.78;18.15;33.73
41;PR;2001;39.04;2.38;30.26;4.27;7.18;2.02;70.44;21.17;27.41;3.95;13.09;16.99;39.67;39.02;21.23;38.04
41;PR;2002;45.91;3.19;33.77;4.16;6.46;1.82;84.73;23.13;34.26;4.04;15.25;18.68;28.47;44.19;23.44;41.85
41;PR;2003;50.61;2.78;30.99;4.72;7.61;2.33;92.79;25.79;39.4;4.45;17.64;17.35;36.74;51.86;27.11;46.71
41;PR;2004;57.59;3.49;41.03;5.03;8.84;2.57;105.44;28.22;43.58;4.84;18.86;22.55;43.43;54.11;28.75;51.13
41;PR;2005;60.64;4.02;45.8;4.6;7.39;2.33;112.84;29.01;47.66;4.6;19.75;25.27;43.2;56.56;29.53;53.87
41;PR;2006;62.08;3.79;37.02;4.78;8.68;2.67;114.38;29.82;49.53;4.75;21.46;20.51;40.62;62.63;32.41;55.31
41;PR;2007;63.76;2.89;39.81;4.88;8.06;2.54;118.25;29.54;52.53;4.56;22.22;21.56;41.98;61.27;31.88;55.21
41;PR;2008;69.08;4.0;47.71;5.97;10.0;3.15;126.83;32.53;57.42;5.75;23.98;25.61;76.14;64.53;33.98;59.92
41;PR;2009;74.8;4.12;43.91;6.62;11.51;3.71;136.64;34.61;60.19;6.16;25.01;24.25;67.71;72.65;37.87;63.76
41;PR;2010;70.82;3.54;41.42;6.91;12.01;3.49;128.26;34.33;58.27;6.24;25.19;22.83;57.17;70.01;36.85;61.11
41;PR;2011;64.21;3.67;37.93;5.42;8.59;2.55;118.51;32.11;50.69;5.18;22.5;21.25;35.76;66.3;34.4;57.6
41;PR;2012;67.35;4.46;43.14;6.07;10.06;3.02;123.26;32.98;53.16;5.83;23.0;24.27;52.59;65.18;34.16;58.56
41;PR;2013;55.57;3.51;32.15;5.58;9.58;2.23;100.46;26.7;43.11;5.1;18.41;18.08;39.72;56.73;30.12;48.77
41;PR;2014;53.46;3.84;32.99;5.36;8.6;2.46;97.23;26.89;42.97;5.07;18.69;18.53;41.8;56.72;30.0;49.17
41;PR;2015;53.66;2.84;35.52;4.76;6.5;1.66;99.68;26.3;41.92;4.32;17.67;19.66;27.38;54.65;28.74;48.78
41;PR;2016;57.55;2.45;36.4;4.75;5.92;1.84;107.91;27.4;44.76;4.18;18.9;18.97;30.19;58.26;30.63;51.16
41;PR;2017;49.9;1.85;35.81;5.18;7.279;1.92;91.44;24.37;37.43;4.3;16.18;18.99;30.81;49.24;26.46;44.92
41;PR;2018;42.49;3.31;32.39;3.75;6.29;1.54;78.37;21.53;29.91;3.65;13.39;17.73;30.98;43.75;23.12;39.69
41;PR;2019;35.49;2.82;26.55;3.79;5.68;1.47;65.08;18.32;21.88;3.5;10.41;14.75;26.69;37.72;20.07;33.43
41;PR;2020;40.24;2.73;34.97;3.74;5.9;1.58;73.81;19.8;26.75;3.35;12.25;19.16;29.09;36.54;19.9;36.92
41;PR;2021;43.76;3.88;42.5;3.09;6.62;1.38;78.73;20.24;55.73;3.32;11.83;23.76;22.71;34.16;18.26;37.84
33;RJ;1980;;;;;6.038;;91.96;26.05;;3.64;18.53;;;;;
33;RJ;1981;;;;;4.573;;74.79;21.92;;2.9;15.55;;;;;
33;RJ;1982;;;;;4.042;;65.14;18.87;;2.87;13.63;;;;;
33;RJ;1983;;;;;4.032;;52.2;15.94;;2.7;7.35;;;;;
33;RJ;1984;;;;;4.88;;68.32;20.85;;2.94;11.11;;;;;
33;RJ;1985;;;;;4.47;;76.08;21.21;;3.15;12.18;;;;;
33;RJ;1986;;;;;5.146;;73.93;20.25;;3.04;11.54;;;;;
33;RJ;1987;;;;;5.476;;117.4;30.95;;3.62;21.86;;;;;
33;RJ;1988;;;;;5.179;;90.6;24.72;;3.24;16.36;;;;;
33;RJ;1989;66.94;;;;7.95;2.58;128.5;34.24;49.9;4.7;23.48;;45.7;;;65.7
33;RJ;1990;110.87;;;;12.18;4.76;213.7;56.1;91.75;7.29;43.9;;85.6;;;108.19
33;RJ;1991;76.2;;;;8.7;3.54;146.6;39.47;63.7;5.58;31.07;;60.4;;;75.63
33;RJ;1992;65.02;;;;7.06;3.27;125.4;35.12;54.62;4.77;27.72;;53.9;;;67.69
33;RJ;1993;72.33;;;;6.87;3.78;140.6;41.08;62.14;5.63;33.11;;64.4;;;78.88
33;RJ;1994;86.65;;;;9.93;5.04;166.7;48.7;77.91;7.2;41.19;;79.8;;;93.12
33;RJ;1995;114.76;;;;11.64;5.92;222.4;61.81;99.14;8.53;50.08;;97.2;;;118.75
33;RJ;1996;119.59;;;;14.945;6.15;222.53;59.93;89.07;9.36;44.88;;86.5;;;114.63
33;RJ;1997;124.47;;;;14.24;5.79;240.34;58.68;95.2;9.18;45.45;;88.1;;;133.11
33;RJ;1998;117.51;;;;12.66;5.6;229.31;55.35;91.95;7.89;43.69;;84.6;;;107.58
33;RJ;1999;106.11;;;;12.162;5.3;202.49;52.59;92.09;7.58;43.47;;84.3;;;97.71
33;RJ;2000;102.25;8.66;144.55;5.33;11.35;4.9;192.34;52.75;88.82;7.05;43.97;73.32;85.81;60.16;31.04;94.41
33;RJ;2001;101.42;9.67;138.41;4.37;12.13;4.95;190.0;50.57;89.87;7.29;42.13;71.16;93.44;56.39;28.57;93.13
33;RJ;2002;116.49;9.12;163.58;4.87;11.55;4.61;220.58;56.61;99.43;7.13;45.35;82.84;86.02;62.54;31.71;105.66
33;RJ;2003;115.61;8.18;153.0;4.89;11.0;4.23;219.44;54.54;94.06;6.64;42.78;76.9;65.99;61.68;31.32;102.46
33;RJ;2004;111.46;7.08;143.4;5.03;10.55;4.21;211.62;51.43;91.11;6.3;40.73;71.42;76.28;57.44;29.57;96.81
33;RJ;2005;107.19;7.19;127.89;4.67;10.36;4.05;203.18;48.16;89.71;6.25;38.86;64.49;63.02;58.03;29.74;91.57
33;RJ;2006;104.74;7.03;127.29;4.88;10.11;3.89;198.61;47.48;86.0;6.15;37.21;64.0;68.2;57.23;29.16;90.52
33;RJ;2007;93.99;5.81;111.29;4.12;8.63;3.29;178.63;41.62;76.36;5.03;33.09;57.35;63.21;48.64;24.64;80.21
33;RJ;2008;79.7;5.72;96.49;2.95;8.18;2.62;150.57;35.67;62.95;4.47;27.32;48.7;45.57;42.17;21.16;68.63
33;RJ;2009;73.33;4.99;96.25;3.12;7.11;2.36;138.89;33.51;56.92;4.15;25.04;47.86;42.26;37.73;19.31;64.63
33;RJ;2010;78.03;4.84;95.54;2.85;6.86;2.24;148.39;35.44;58.42;3.98;25.7;47.89;39.13;41.97;20.88;68.2
33;RJ;2011;62.29;5.19;74.63;2.93;7.55;2.07;116.34;29.67;47.01;4.27;21.17;38.45;26.3;36.67;18.26;56.2
33;RJ;2012;62.04;4.88;70.66;3.1;6.73;2.13;116.57;29.4;49.18;4.23;21.39;36.64;30.57;36.01;18.3;55.65
33;RJ;2013;69.76;5.53;76.12;3.36;7.26;2.13;131.27;31.22;52.17;4.46;21.72;39.25;31.96;38.25;19.29;59.13
33;RJ;2014;78.43;6.69;86.66;3.93;8.21;2.46;147.36;34.74;52.98;5.31;22.12;45.12;42.84;38.55;19.84;65.18
33;RJ;2015;71.49;5.35;75.49;3.69;7.01;2.23;134.71;30.62;47.52;4.4;19.23;38.67;38.02;36.37;18.63;58.03
33;RJ;2016;87.72;5.9;90.81;3.54;7.02;2.28;166.73;36.38;60.7;4.84;24.16;47.61;41.79;39.8;20.47;69.13
33;RJ;2017;92.64;5.36;98.02;3.43;7.177;2.46;176.24;38.38;66.32;4.5;26.38;49.92;38.09;43.37;22.06;73.56
33;RJ;2018;96.51;5.01;99.56;3.03;8.46;2.21;183.15;37.62;65.13;4.24;24.83;50.58;41.31;41.84;20.62;73.91
33;RJ;2019;52.27;2.67;54.83;1.99;4.38;1.19;99.36;20.57;35.86;2.41;13.44;27.47;19.51;23.75;11.84;40.57
33;RJ;2020;67.62;3.95;74.4;2.01;5.55;1.35;128.6;27.81;41.11;3.14;15.77;37.93;25.86;29.03;14.57;53.97
33;RJ;2021;71.35;3.71;70.69;2.47;5.28;1.22;134.66;26.87;46.96;3.11;17.17;36.81;34.48;28.17;14.42;52.43
24;RN;1980;;;;;1.865;;30.41;8.58;;0.72;4.05;;;;;
24;RN;1981;;;;;3.642;;26.37;8.82;;1.82;4.13;;;;;
24;RN;1982;;;;;1.77;;32.41;10.12;;1.77;5.43;;;;;
24;RN;1983;;;;;2.411;;22.9;8.55;;1.63;4.32;;;;;
24;RN;1984;;;;;1.01;;22.22;6.52;;0.66;3.21;;;;;
24;RN;1985;;;;;1.63;;21.59;6.28;;0.73;3.18;;;;;
24;RN;1986;;;;;0.319;;13.2;4.77;;0.63;2.25;;;;;
24;RN;1987;;;;;1.556;;18.1;6.69;;1.05;3.63;;;;;
24;RN;1988;;;;;2.432;;26.3;8.53;;1.29;4.0;;;;;
24;RN;1989;17.24;;;;1.49;0.25;33.8;10.17;10.53;1.18;5.34;;10.6;;;19.6
24;RN;1990;13.73;;;;2.04;0.74;26.0;8.46;8.66;1.65;4.95;;9.35;;;15.6
24;RN;1991;17.33;;;;2.56;0.48;32.8;9.07;9.46;1.37;4.51;;8.73;;;17.14
24;RN;1992;13.28;;;;1.98;0.72;25.1;8.15;8.23;1.2;4.51;;8.47;;;15.44
24;RN;1993;17.97;;;;2.47;1.09;34.2;9.71;11.37;1.64;6.03;;11.2;;;18.18
24;RN;1994;14.78;;;;1.89;0.46;28.0;8.3;9.12;1.46;4.6;;8.94;;;15.39
24;RN;1995;14.42;;;;2.39;1.13;27.1;9.57;8.98;2.27;5.5;;10.0;;;17.23
24;RN;1996;15.04;;;;3.877;0.91;26.9;9.42;9.62;2.67;5.59;;10.4;;;16.27
24;RN;1997;18.51;;;;2.81;1.05;36.25;9.06;12.23;2.03;5.9;;10.9;;;20.65
24;RN;1998;16.99;;;;2.45;0.67;31.73;8.46;11.27;1.49;5.33;;10.2;;;15.93
24;RN;1999;10.95;;;;1.565;1.1;20.33;8.44;7.79;1.77;5.2;;9.48;;;14.97
24;RN;2000;15.17;1.03;17.01;2.23;3.26;0.62;26.92;9.57;9.82;1.51;5.48;8.92;12.17;11.19;6.5;16.75
24;RN;2001;18.98;1.77;21.66;0.944;3.92;0.95;33.8;11.44;13.14;1.62;7.67;11.65;16.63;11.84;6.18;20.82
24;RN;2002;17.03;1.33;22.72;1.49;2.4;0.47;31.42;10.48;11.32;1.53;6.77;11.93;12.84;10.54;5.8;19.05
24;RN;2003;23.36;1.5;24.94;2.83;4.01;1.12;42.36;14.02;18.1;2.11;10.01;13.11;19.4;19.01;10.33;25.36
24;RN;2004;20.77;1.23;23.42;0.76;2.09;0.58;39.1;11.77;15.38;1.36;8.0;12.04;12.79;12.41;6.39;21.64
24;RN;2005;26.58;2.51;24.78;1.68;4.8;0.77;47.71;13.52;19.12;2.63;8.92;13.27;12.15;13.06;7.28;24.05
24;RN;2006;26.16;2.46;28.8;1.86;3.39;1.33;48.45;14.95;19.56;2.66;10.05;15.12;21.25;13.98;7.76;26.92
24;RN;2007;34.76;2.34;38.12;1.96;4.48;1.44;64.41;19.1;27.57;2.63;14.53;20.09;26.7;16.37;8.86;35.2
24;RN;2008;44.19;4.36;48.76;1.25;6.45;2.23;81.13;22.98;35.84;3.65;17.25;26.03;35.24;17.87;9.26;41.62
24;RN;2009;49.8;3.38;52.9;3.08;4.65;1.83;93.99;25.5;41.48;3.48;19.76;27.73;34.2;22.42;12.4;46.65
24;RN;2010;47.98;4.7;56.93;2.09;6.85;1.99;88.23;25.57;38.14;4.29;19.29;30.06;33.3;17.42;9.37;45.87
24;RN;2011;65.21;5.35;78.88;1.59;8.18;2.63;121.0;32.95;52.62;4.54;24.64;40.56;41.2;22.87;11.58;60.04
24;RN;2012;71.23;4.23;82.69;2.23;5.33;1.89;135.71;34.82;59.48;3.79;26.52;43.44;29.35;27.39;14.08;64.38
24;RN;2013;97.33;5.81;104.89;2.84;9.14;3.17;183.6;42.89;81.9;5.22;34.05;54.88;54.16;28.63;14.93;81.58
24;RN;2014;110.91;6.98;121.25;2.93;10.75;3.95;208.85;47.0;97.74;5.93;38.55;62.77;58.17;31.5;16.15;89.3
24;RN;2015;104.27;7.57;120.33;1.24;8.99;3.28;197.4;44.88;89.28;5.3;35.97;62.08;57.55;22.58;11.34;85.68
24;RN;2016;125.57;6.52;138.33;2.79;11.25;4.34;237.27;53.35;110.89;5.71;45.15;70.48;90.24;31.29;16.04;102.49
24;RN;2017;152.31;11.13;165.96;2.54;19.63;6.9;281.91;62.82;139.37;8.37;54.94;87.04;93.95;28.48;15.09;118.97
24;RN;2018;119.33;7.56;137.06;2.04;10.83;4.38;226.34;52.46;112.62;5.72;47.11;71.65;8.45;33.89;16.5;98.95
24;RN;2019;85.27;7.67;105.4;1.47;10.51;4.17;159.41;38.38;78.54;5.45;33.68;55.58;9.3;19.01;9.35;71.09
24;RN;2020;92.2;6.02;107.4;1.81;9.1;3.58;173.7;39.78;83.75;4.47;34.57;56.62;71.03;17.29;9.1;76.85
24;RN;2021;69.8;5.39;93.59;1.35;6.43;2.62;134.67;33.1;7.14;3.83;28.72;48.89;56.18;14.43;7.55;63.9
11;RO;1980;;;;;5.837;;53.48;24.03;;5.18;13.64;;;;;
11;RO;1981;;;;;9.131;;48.0;23.67;;3.5;12.39;;;;;
11;RO;1982;;;;;12.801;;28.7;20.46;;5.94;13.14;;;;;
11;RO;1983;;;;;7.35;;42.0;21.46;;4.43;9.67;;;;;
11;RO;1984;;;;;4.78;;73.2;28.66;;3.18;14.68;;;;;
11;RO;1985;;;;;11.43;;87.69;40.77;;6.93;22.23;;;;;
11;RO;1986;;;;;8.949;;104.04;44.05;;6.43;25.65;;;;;
11;RO;1987;;;;;10.61;;108.1;47.5;;6.7;24.19;;;;;
11;RO;1988;;;;;14.915;;98.8;45.06;;8.89;21.9;;;;;
11;RO;1989;61.86;;;;18.07;5.11;104.2;48.28;37.51;9.62;28.08;;49.4;;;84.2
11;RO;1990;69.52;;;;13.31;2.71;124.0;51.89;40.53;7.18;27.39;;50.1;;;93.28
11;RO;1991;57.61;;;;6.57;3.11;106.5;43.35;31.75;6.04;23.4;;42.1;;;77.58
11;RO;1992;40.55;;;;11.09;2.5;69.6;34.33;25.78;6.27;19.9;;36.2;;;60.75
11;RO;1993;55.78;;;;12.53;4.0;96.6;40.11;33.52;9.19;22.55;;39.8;;;68.27
11;RO;1994;43.58;;;;8.38;2.73;77.7;30.9;24.5;5.94;17.12;;30.2;;;53.84
11;RO;1995;32.81;;;;5.05;1.85;59.7;24.64;19.64;5.73;11.94;;21.1;;;42.09
11;RO;1996;42.85;;;;11.832;4.02;81.04;24.49;18.8;7.22;15.94;;26.9;;;60.89
11;RO;1997;68.14;;;;13.45;3.28;137.53;28.28;24.55;5.43;16.41;;28.7;;;104.89
11;RO;1998;83.88;;;;15.54;3.39;156.86;38.71;37.02;7.28;24.37;;44.0;;;112.77
11;RO;1999;51.25;;;;9.553;3.66;93.29;33.31;33.34;6.05;24.83;;44.5;;;69.9
11;RO;2000;50.23;8.06;82.07;7.65;9.21;2.62;90.17;35.37;30.37;6.69;21.02;45.56;48.36;68.41;35.98;57.92
11;RO;2001;56.18;12.21;92.32;12.6;15.19;4.86;96.05;40.7;36.75;9.29;26.78;52.92;6.85;111.59;58.82;68.85
11;RO;2002;64.68;7.58;109.58;6.99;7.92;2.95;119.78;42.95;41.06;6.19;27.45;57.86;46.23;122.96;59.99;75.68
11;RO;2003;51.98;8.72;103.91;11.8;10.98;4.57;91.68;38.88;34.88;7.07;26.17;56.35;9.04;102.06;51.6;67.15
11;RO;2004;61.89;2.7;68.69;6.33;6.75;2.74;115.17;38.04;37.58;4.51;21.38;37.14;65.1;61.92;32.44;67.93
11;RO;2005;53.48;5.94;69.5;5.0;11.51;3.37;93.98;36.17;38.05;6.61;23.92;38.17;57.53;57.96;29.01;63.91
11;RO;2006;55.04;6.32;77.01;6.57;10.03;3.33;98.42;37.44;40.47;6.8;24.51;42.15;44.26;45.67;25.74;66.02
11;RO;2007;44.36;3.78;53.0;2.85;4.3;1.19;82.97;27.17;34.65;3.69;22.08;28.61;18.2;39.36;19.68;49.48
11;RO;2008;43.84;3.93;55.6;5.28;6.38;2.21;79.95;32.14;28.39;5.08;19.15;30.55;35.11;46.46;24.28;53.12
11;RO;2009;47.76;6.35;61.06;5.34;9.69;3.61;84.46;35.77;35.56;6.57;23.47;33.79;56.61;51.02;26.82;57.87
11;RO;2010;46.38;4.24;65.79;3.71;4.18;2.17;87.05;34.95;33.25;4.72;22.49;35.42;35.88;49.97;25.46;59.7
11;RO;2011;38.19;5.8;52.45;4.5;7.91;2.77;67.36;28.55;26.55;6.04;18.14;29.54;46.23;37.04;19.8;46.53
11;RO;2012;46.86;6.52;58.36;4.37;9.55;3.23;82.78;33.08;33.41;6.34;21.26;33.07;57.33;45.99;24.17;54.46
11;RO;2013;43.19;4.99;48.67;7.11;8.31;2.21;76.75;27.95;29.95;6.38;17.36;27.42;34.94;45.93;26.66;48.84
11;RO;2014;46.72;6.33;62.01;5.62;8.33;3.39;83.63;33.06;35.91;6.78;22.99;34.68;53.44;50.86;27.5;58.39
11;RO;2015;53.42;8.37;63.52;4.56;11.28;4.18;93.86;33.93;36.43;7.53;21.66;36.86;87.05;48.88;25.87;59.55
11;RO;2016;53.26;5.55;76.28;6.55;6.25;3.19;98.38;39.33;37.75;6.38;26.02;41.51;54.52;61.2;33.03;71.24
11;RO;2017;46.45;6.5;58.51;7.53;9.152;3.5;82.25;30.68;36.47;7.23;20.65;32.41;45.05;43.95;25.36;53.38
11;RO;2018;37.47;4.72;52.57;4.98;7.28;2.3;67.05;27.08;28.11;4.84;17.07;29.07;43.73;39.86;21.87;46.53
11;RO;2019;31.4;4.95;47.79;4.05;6.03;1.48;55.93;25.15;20.8;4.9;14.85;26.3;27.04;40.95;21.79;42.81
11;RO;2020;30.41;6.37;51.11;4.03;6.55;1.91;53.64;25.38;20.27;6.07;14.25;28.67;35.17;33.21;17.87;44.26
11;RO;2021;43.37;5.74;57.74;6.48;6.68;3.0;80.61;29.52;28.25;6.01;19.11;31.65;34.89;41.94;24.25;52.56
14;RR;1980;;;;;17.627;;25.86;13.9;;5.27;0.0;;;;;
14;RR;1981;;;;;24.284;;55.5;17.8;;7.23;2.23;;;;;
14;RR;1982;;;;;14.162;;59.0;28.18;;4.24;0.97;;;;;
14;RR;1983;;;;;6.291;;41.0;17.24;;3.78;1.72;;;;;
14;RR;1984;;;;;5.66;;40.86;13.18;;3.41;0.0;;;;;
14;RR;1985;;;;;0.0;;12.22;8.45;;3.11;2.11;;;;;
14;RR;1986;;;;;4.723;;29.57;8.39;;2.86;1.94;;;;;
14;RR;1987;;;;;8.736;;10.2;4.18;;2.65;0.0;;;;;
14;RR;1988;;;;;20.343;;65.7;38.88;;8.65;1.11;;;;;
14;RR;1989;100.8;;;;30.51;0.0;154.5;58.81;1.65;13.91;0.52;;0.94;;;94.4
14;RR;1990;97.8;;;;39.54;1.09;142.1;62.26;4.66;21.87;4.41;;7.1;;;95.08
14;RR;1991;47.89;;;;16.85;3.08;71.4;36.31;13.06;9.24;8.27;;12.4;;;58.24
14;RR;1992;67.46;;;;12.97;4.92;110.7;42.61;33.01;8.87;23.32;;38.6;;;70.78
14;RR;1993;34.04;;;;9.13;2.78;50.6;28.62;20.95;3.71;17.84;;29.2;;;47.29
14;RR;1994;38.87;;;;5.83;1.77;63.8;30.98;22.57;5.33;19.46;;33.7;;;51.75
14;RR;1995;55.38;;;;13.99;0.85;86.6;33.18;33.71;6.82;19.07;;33.8;;;54.53
14;RR;1996;94.25;;;;35.676;4.17;145.4;43.3;30.27;15.03;20.23;;35.3;;;98.55
14;RR;1997;91.54;;;;22.07;2.43;159.28;35.36;30.73;8.11;15.72;;28.2;;;106.81
14;RR;1998;113.42;;;;15.55;5.54;243.14;51.4;40.43;9.5;20.33;;34.2;;;127.66
14;RR;1999;98.62;;;;9.864;4.63;194.54;57.69;43.31;11.6;22.48;;39.2;;;102.91
14;RR;2000;68.19;1.34;96.75;43.2;18.39;2.46;116.18;47.59;28.08;13.53;17.21;55.77;46.69;87.5;63.89;61.86
14;RR;2001;49.18;6.22;73.8;4.33;5.89;0.59;91.03;32.02;19.29;4.14;12.45;41.14;15.64;108.73;51.87;55.54
14;RR;2002;66.03;8.62;79.56;13.0;13.23;2.86;117.18;35.17;18.6;6.85;13.84;44.09;45.99;126.36;65.29;58.21
14;RR;2003;47.65;4.92;74.59;3.28;5.48;1.66;88.54;29.67;14.38;3.31;11.47;39.59;24.48;79.5;38.61;51.04
14;RR;2004;38.29;2.3;45.65;6.4;10.6;0.53;65.14;23.12;13.05;3.73;8.12;24.59;11.85;37.29;19.65;38.49
14;RR;2005;35.39;6.86;43.84;4.48;3.42;1.03;66.43;24.28;6.74;5.68;7.16;26.34;15.28;46.15;23.89;40.16
14;RR;2006;37.59;2.13;41.83;23.4;8.29;1.5;66.02;27.52;14.71;6.5;9.42;22.81;26.73;86.08;54.57;44.57
14;RR;2007;37.29;6.87;50.4;17.5;4.83;0.97;68.79;27.93;9.52;9.21;7.08;28.88;11.75;47.99;32.01;43.84
14;RR;2008;29.33;3.44;42.45;20.6;4.7;0.94;53.22;25.44;6.95;7.05;7.03;24.04;17.54;46.91;33.19;39.67
14;RR;2009;39.14;8.25;43.68;19.0;13.76;1.82;63.73;28.0;9.78;10.95;6.41;26.31;32.52;57.51;36.02;40.5
14;RR;2010;38.26;6.2;60.39;3.29;10.47;0.89;65.17;26.86;8.83;4.87;6.43;34.11;61.0;22.95;11.98;46.43
14;RR;2011;28.11;6.22;41.43;1.56;5.86;0.0;49.64;20.64;7.21;4.33;5.43;24.54;10.35;27.65;13.12;34.78
14;RR;2012;49.51;4.42;55.91;17.9;7.19;1.27;90.46;30.67;12.02;7.19;6.82;30.81;21.54;67.22;41.21;51.2
14;RR;2013;54.23;8.54;75.07;36.1;12.73;2.07;94.37;43.85;21.55;14.87;14.34;42.31;31.85;94.43;63.92;71.05
14;RR;2014;38.3;5.95;49.46;25.8;6.96;1.62;68.62;31.79;15.05;9.69;9.46;27.75;21.3;85.77;56.54;52.17
14;RR;2015;51.85;5.96;82.36;26.9;10.96;2.76;91.41;40.15;20.2;11.45;11.27;44.89;42.97;61.79;43.72;67.11
14;RR;2016;60.73;6.09;84.42;21.9;12.1;2.7;107.69;39.67;25.09;9.64;14.0;46.17;47.18;56.07;38.3;67.92
14;RR;2017;64.76;9.49;100.14;16.6;17.155;1.49;110.63;47.45;28.49;10.05;17.79;54.85;22.36;79.74;47.37;82.55
14;RR;2018;142.46;15.01;157.83;32.34;24.48;3.2;258.3;71.8;78.86;18.84;31.39;87.52;69.04;93.85;63.83;132.45
14;RR;2019;61.96;9.64;73.78;19.4;14.72;2.04;107.98;38.63;28.79;11.24;13.7;41.99;34.61;68.68;43.65;72.88
14;RR;2020;57.49;6.99;69.19;27.0;11.7;2.29;99.69;37.54;31.56;11.4;16.16;38.5;44.28;73.91;51.69;60.95
14;RR;2021;71.71;5.56;83.25;10.4;13.79;2.22;128.05;39.52;11.38;6.36;16.08;44.57;28.95;77.63;42.95;70.32
43;RS;1980;;;;;1.94;;22.96;8.14;;1.5;2.92;;;;;
43;RS;1981;;;;;2.459;;25.56;8.43;;1.56;3.01;;;;;
43;RS;1982;;;;;2.535;;26.08;8.6;;1.73;3.19;;;;;
43;RS;1983;;;;;1.769;;25.0;8.15;;1.34;3.11;;;;;
43;RS;1984;;;;;3.11;;25.91;8.3;;1.63;3.12;;;;;
43;RS;1985;;;;;3.1;;23.97;8.11;;1.72;2.6;;;;;
43;RS;1986;;;;;2.587;;27.11;9.04;;1.6;3.63;;;;;
43;RS;1987;;;;;2.828;;29.2;9.51;;1.85;3.87;;;;;
43;RS;1988;;;;;3.732;;42.1;12.54;;2.38;5.82;;;;;
43;RS;1989;33.53;;;;5.13;0.9;62.3;17.56;18.6;3.15;8.96;;17.2;;;32.4
43;RS;1990;36.75;;;;4.95;1.77;69.0;18.92;22.86;3.43;11.08;;20.6;;;34.9
43;RS;1991;34.03;;;;5.59;1.85;62.8;18.54;23.69;3.36;12.22;;22.9;;;34.21
43;RS;1992;31.07;;;;5.2;2.15;57.0;17.01;21.66;3.43;11.21;;20.5;;;31.03
43;RS;1993;22.77;;;;3.93;1.05;41.9;12.56;14.87;2.37;7.33;;13.8;;;23.08
43;RS;1994;25.67;;;;4.44;1.45;47.2;14.08;16.98;2.87;8.34;;15.4;;;25.65
43;RS;1995;26.34;;;;5.02;1.82;47.9;15.02;19.48;3.1;10.16;;18.7;;;27.33
43;RS;1996;28.33;;;;6.975;2.26;50.01;15.38;20.16;3.92;10.35;;18.7;;;27.33
43;RS;1997;34.13;;;;6.01;2.37;65.44;16.88;23.45;3.83;11.75;;21.4;;;37.47
43;RS;1998;29.28;;;;6.16;1.99;52.18;15.45;21.83;3.61;10.72;;19.7;;;27.77
43;RS;1999;30.79;;;;5.421;1.77;55.74;15.37;23.57;3.22;10.88;;20.2;;;27.7
43;RS;2000;30.59;3.88;44.98;3.05;4.1;1.72;56.47;16.55;25.32;3.31;12.4;24.23;28.91;27.45;14.75;29.5
43;RS;2001;33.33;2.96;52.61;3.19;5.6;1.91;60.38;17.98;27.23;3.37;13.03;27.72;32.8;30.07;16.02;32.81
43;RS;2002;35.8;5.48;48.39;3.35;5.79;1.99;65.04;18.37;28.44;3.68;13.19;26.51;34.78;31.02;16.72;33.3
43;RS;2003;34.77;3.75;56.94;3.09;4.61;1.76;64.12;18.15;28.17;3.27;12.99;29.67;27.9;30.51;16.3;33.36
43;RS;2004;37.69;4.66;62.23;3.34;6.02;1.95;68.49;18.67;31.05;3.58;13.35;33.89;29.31;30.6;16.44;34.18
43;RS;2005;38.17;3.05;57.53;3.82;5.77;2.08;69.66;18.64;30.86;3.82;13.58;29.32;31.31;31.33;17.07;34.42
43;RS;2006;36.05;3.69;43.75;2.66;4.18;1.51;66.99;18.09;28.95;2.95;13.0;23.59;29.69;33.37;17.28;34.37
43;RS;2007;41.72;3.68;53.15;3.32;6.03;1.81;76.35;19.85;34.45;3.49;15.7;28.2;30.95;35.27;18.65;37.58
43;RS;2008;43.95;3.73;52.05;3.83;6.18;2.13;80.58;21.92;37.06;3.95;16.59;27.7;32.48;38.32;20.32;40.32
43;RS;2009;39.67;4.25;49.35;3.84;7.53;2.26;70.82;20.54;31.49;4.04;15.07;26.58;38.7;35.65;19.1;37.44
43;RS;2010;36.2;4.54;48.28;3.77;6.88;2.13;64.6;19.5;28.98;4.06;13.99;26.26;34.34;32.17;17.32;34.29
43;RS;2011;37.7;2.54;52.09;3.62;6.93;2.03;67.51;19.35;30.7;3.59;14.26;27.21;25.99;31.76;16.99;34.38
43;RS;2012;42.91;4.39;51.86;4.14;8.2;2.39;76.52;22.12;34.28;4.37;16.13;28.5;35.77;36.51;19.56;39.11
43;RS;2013;40.66;3.82;52.66;3.52;6.36;1.97;73.87;20.8;34.06;3.7;15.35;28.13;26.41;35.73;18.97;38.46
43;RS;2014;50.43;5.44;61.58;4.02;5.89;2.26;93.55;24.31;41.28;4.38;18.34;33.4;37.25;41.8;22.07;44.98
43;RS;2015;53.57;5.99;65.52;4.52;7.83;2.76;97.82;26.17;45.79;4.95;20.29;35.87;44.55;45.21;23.88;48.19
43;RS;2016;62.34;4.88;68.49;5.2;9.54;3.3;113.39;28.57;52.42;5.34;22.21;36.83;60.04;48.95;26.17;52.61
43;RS;2017;63.97;5.33;68.77;5.01;9.055;3.25;117.04;29.29;54.84;5.22;22.88;36.74;43.27;51.43;27.08;54.27
43;RS;2018;50.76;4.67;50.86;4.29;8.55;2.53;91.88;23.82;43.01;4.4;18.31;28.36;50.72;41.95;22.23;43.83
43;RS;2019;39.49;4.51;39.06;3.78;7.6;2.26;70.82;19.2;32.63;4.04;14.08;22.02;40.03;33.3;18.0;34.85
43;RS;2020;37.48;4.69;41.62;3.46;5.95;2.08;68.12;18.33;30.88;3.64;13.52;23.97;39.44;30.28;16.7;33.75
43;RS;2021;32.35;4.16;37.89;3.82;5.79;2.0;58.1;16.47;26.81;3.9;12.02;21.06;22.58;27.03;15.14;29.68
42;SC;1980;;;;;1.961;;18.1;6.64;;1.28;3.28;;;;;
42;SC;1981;;;;;1.76;;17.88;7.33;;1.31;2.84;;;;;
42;SC;1982;;;;;2.426;;14.19;7.03;;1.6;2.27;;;;;
42;SC;1983;;;;;3.924;;17.2;8.19;;2.39;3.13;;;;;
42;SC;1984;;;;;2.02;;16.95;7.45;;1.73;3.03;;;;;
42;SC;1985;;;;;2.65;;16.88;6.5;;1.74;2.86;;;;;
42;SC;1986;;;;;0.816;;16.17;5.81;;0.73;2.54;;;;;
42;SC;1987;;;;;2.414;;18.7;7.53;;1.91;3.59;;;;;
42;SC;1988;;;;;2.698;;18.1;7.64;;2.15;3.61;;;;;
42;SC;1989;13.11;;;;2.35;0.68;23.8;8.09;6.4;1.79;3.59;;6.47;;;14.4
42;SC;1990;12.18;;;;2.78;0.76;21.5;8.71;5.94;2.07;3.75;;6.72;;;15.28
42;SC;1991;11.17;;;;2.44;0.75;19.9;7.82;6.23;1.68;3.63;;6.5;;;13.93
42;SC;1992;12.09;;;;1.86;0.43;22.2;7.84;5.7;2.18;3.28;;6.11;;;13.49
42;SC;1993;11.68;;;;1.92;0.51;21.4;7.9;5.95;1.45;3.73;;6.92;;;14.32
42;SC;1994;10.86;;;;2.76;0.37;18.9;7.26;5.14;1.89;3.23;;6.07;;;12.6
42;SC;1995;12.49;;;;2.86;0.87;22.1;8.68;6.71;1.99;4.51;;8.13;;;15.35
42;SC;1996;14.01;;;;4.49;1.06;22.79;8.45;8.08;2.75;4.37;;7.66;;;14.14
42;SC;1997;14.21;;;;2.74;0.8;26.13;8.53;7.13;2.06;4.54;;8.26;;;18.86
42;SC;1998;13.51;;;;4.21;1.07;23.21;8.23;6.88;2.75;3.94;;6.79;;;13.8
42;SC;1999;10.56;;;;2.73;0.74;18.38;7.55;5.5;1.96;3.51;;6.27;;;12.78
42;SC;2000;11.61;4.93;23.8;1.58;2.48;0.94;20.4;8.38;6.68;1.93;4.29;14.74;16.09;11.43;6.53;13.87
42;SC;2001;14.23;3.92;32.49;1.57;3.39;0.89;24.67;8.75;8.84;2.14;4.94;18.56;15.95;12.22;6.91;14.99
42;SC;2002;17.23;3.43;29.27;2.36;4.28;1.26;29.7;10.58;10.62;2.63;5.73;16.2;20.57;15.52;8.9;18.06
42;SC;2003;20.21;3.12;34.83;1.96;3.95;1.04;35.85;11.95;14.21;2.42;7.38;19.3;18.49;17.14;9.46;20.93
42;SC;2004;17.88;2.69;34.24;2.34;2.99;1.09;32.18;11.22;12.85;2.69;6.53;18.74;15.28;16.29;9.24;19.21
42;SC;2005;20.18;1.97;29.14;1.98;3.46;1.11;36.22;10.79;14.48;2.28;6.68;15.51;16.5;16.33;8.97;19.09
42;SC;2006;19.81;4.81;22.47;2.55;3.91;1.12;35.04;11.18;13.95;3.04;6.48;14.13;18.58;16.9;9.53;19.14
42;SC;2007;19.94;1.79;24.28;2.2;4.23;0.68;34.73;10.45;14.16;2.28;6.43;13.48;11.11;16.9;9.47;18.39
42;SC;2008;24.33;2.4;28.52;2.64;3.93;1.38;43.69;13.25;18.1;2.76;8.34;15.81;26.2;22.31;12.28;23.14
42;SC;2009;25.38;2.24;25.96;2.94;4.61;1.24;45.18;13.4;18.45;2.95;8.35;14.97;19.48;22.37;12.51;23.14
42;SC;2010;22.23;4.16;27.35;3.31;5.04;1.31;38.59;13.17;14.92;3.44;7.73;16.59;15.07;21.08;12.07;22.36
42;SC;2011;22.56;1.37;29.17;2.36;4.05;1.02;40.15;12.84;15.83;2.28;7.65;16.27;13.92;21.83;11.93;22.8
42;SC;2012;23.46;4.25;34.52;2.92;4.62;1.12;41.36;12.86;16.37;3.16;7.69;19.88;18.83;20.11;11.29;21.86
42;SC;2013;21.2;3.24;20.48;2.8;5.07;1.08;36.5;11.89;13.39;3.06;6.66;12.52;12.17;20.86;11.59;20.62
42;SC;2014;23.06;4.84;31.81;2.93;4.83;1.15;40.34;13.45;14.57;3.28;7.42;19.44;106.36;22.05;12.35;23.54
42;SC;2015;25.35;4.02;41.35;2.57;4.13;0.99;45.46;14.03;17.67;2.83;8.36;23.26;15.67;23.08;12.49;25.15
42;SC;2016;27.24;5.14;38.81;2.69;4.48;1.44;48.8;14.24;19.73;3.08;8.84;22.36;22.38;22.88;12.6;25.31
42;SC;2017;30.25;3.97;41.09;2.9;5.548;0.99;53.62;15.23;20.66;3.1;9.32;22.88;100.04;24.67;13.55;27.26
42;SC;2018;22.59;2.48;22.53;2.53;4.93;0.9;39.82;11.91;14.31;2.55;6.28;12.6;19.9;21.44;11.71;21.12
42;SC;2019;19.49;3.88;23.2;2.88;5.8;1.27;32.75;10.71;11.7;3.16;5.32;13.77;26.19;17.47;9.93;18.14
42;SC;2020;19.46;3.06;26.73;2.19;3.89;0.84;34.47;10.09;11.7;2.35;5.12;15.3;15.29;15.91;8.94;17.95
42;SC;2021;18.33;1.69;23.94;2.63;3.22;0.89;32.87;9.7;19.62;2.48;5.11;13.0;9.39;15.0;8.82;17.03
28;SE;1980;;;;;3.85;;17.96;7.19;;2.06;2.63;;;;;
28;SE;1981;;;;;1.865;;21.32;8.57;;1.34;3.08;;;;;
28;SE;1982;;;;;3.59;;22.37;10.08;;2.28;2.83;;;;;
28;SE;1983;;;;;2.884;;20.9;8.59;;2.86;3.4;;;;;
28;SE;1984;;;;;1.11;;9.46;4.89;;1.08;1.82;;;;;
28;SE;1985;;;;;2.69;;12.54;5.0;;1.81;2.53;;;;;
28;SE;1986;;;;;2.605;;12.11;5.78;;1.18;2.48;;;;;
28;SE;1987;;;;;0.505;;12.2;4.98;;1.0;1.61;;;;;
28;SE;1988;;;;;0.981;;12.9;4.87;;0.7;2.22;;;;;
28;SE;1989;15.63;;;;2.38;0.69;29.5;9.74;23.01;2.06;4.97;;9.44;;;17.7
28;SE;1990;20.91;;;;3.71;0.81;38.9;10.36;31.72;1.75;5.15;;9.67;;;19.34
28;SE;1991;30.19;;;;5.86;1.05;55.7;21.25;26.76;2.76;12.0;;22.9;;;39.29
28;SE;1992;47.94;;;;3.98;0.9;92.0;30.41;23.57;3.62;20.58;;39.7;;;56.59
28;SE;1993;35.21;;;;3.46;1.26;68.5;20.11;28.19;3.16;10.63;;20.4;;;37.65
28;SE;1994;39.39;;;;5.96;2.61;74.4;21.79;32.78;3.97;13.49;;24.5;;;39.72
28;SE;1995;26.54;;;;4.6;1.22;49.5;15.89;39.69;3.3;8.22;;15.3;;;28.88
28;SE;1996;25.54;;;;5.46;1.69;45.84;14.65;37.85;3.62;9.36;;17.2;;;26.5
28;SE;1997;24.77;;;;4.06;0.95;47.03;11.47;40.34;2.13;7.06;;13.4;;;26.69
28;SE;1998;17.4;;;;1.17;0.7;34.48;10.39;43.52;1.51;6.23;;12.0;;;19.64
28;SE;1999;32.34;;;;6.851;2.4;58.02;19.21;48.31;4.58;12.61;;23.1;;;33.34
28;SE;2000;40.44;2.2;24.81;2.1;3.71;1.93;77.05;23.55;29.12;3.97;16.03;13.59;35.8;31.01;15.3;41.32
28;SE;2001;54.21;2.2;36.85;2.25;2.55;2.0;105.68;28.5;41.48;3.27;20.14;19.72;12.32;36.59;17.73;53.02
28;SE;2002;57.72;3.16;53.19;2.41;5.73;1.45;109.47;30.12;44.14;3.84;21.78;27.9;22.76;26.75;13.12;55.58
28;SE;2003;45.55;2.31;39.99;2.58;4.23;1.84;86.65;25.02;35.17;3.47;18.08;20.65;32.67;19.5;10.57;45.85
28;SE;2004;40.58;2.34;37.98;1.72;4.87;1.41;76.09;23.86;28.96;2.91;15.56;20.61;24.48;13.7;7.41;44.02
28;SE;2005;42.67;3.28;46.2;1.18;3.78;1.19;81.36;24.75;31.7;2.77;16.16;25.23;16.91;23.66;11.61;46.97
28;SE;2006;56.66;3.34;54.01;2.49;6.12;1.46;106.99;29.24;41.22;3.9;20.14;29.69;25.33;25.28;12.86;55.0
28;SE;2007;49.46;2.97;51.97;2.51;4.04;1.83;94.75;25.67;35.5;3.27;17.94;26.89;31.95;20.62;11.06;48.6
28;SE;2008;52.3;3.06;56.3;2.01;5.02;1.04;99.54;27.76;39.27;2.85;18.41;29.59;18.47;19.82;10.07;51.63
28;SE;2009;53.88;2.95;62.38;2.42;4.32;1.5;103.49;32.33;40.57;3.37;22.33;33.05;23.17;21.57;11.0;59.94
28;SE;2010;58.18;4.83;71.77;1.73;6.29;1.66;110.25;32.69;43.76;3.97;21.86;38.26;22.55;17.49;9.01;60.78
28;SE;2011;61.39;6.41;81.98;2.79;9.24;2.74;113.85;34.98;48.32;5.48;25.03;43.64;45.67;16.7;9.43;63.72
28;SE;2012;78.41;6.38;94.42;2.94;7.58;2.71;149.83;41.64;63.69;5.6;30.7;49.81;41.89;25.07;13.11;76.76
28;SE;2013;86.03;5.99;103.58;2.55;8.56;2.68;164.32;43.95;71.14;5.0;33.34;53.94;42.45;29.72;14.75;84.43
28;SE;2014;103.02;7.86;113.52;3.01;8.87;4.42;198.35;49.42;91.28;6.54;40.46;60.1;62.03;31.3;15.98;94.19
28;SE;2015;118.18;7.72;139.6;1.86;7.54;4.64;230.45;58.09;105.14;6.12;49.4;70.43;96.22;29.89;15.12;112.45
28;SE;2016;142.74;5.97;156.75;1.84;7.17;3.38;280.62;64.66;129.6;5.2;55.57;78.95;63.09;30.19;15.21;126.87
28;SE;2017;125.5;6.86;136.15;4.56;12.644;4.89;240.51;57.38;112.9;6.61;48.33;68.8;88.44;28.54;15.88;110.7
28;SE;2018;108.17;3.58;120.67;2.41;3.57;2.12;215.29;49.73;98.38;3.4;42.09;59.43;35.46;22.55;11.69;97.06
28;SE;2019;90.54;5.26;102.42;1.2;6.54;2.36;176.85;42.33;77.68;4.46;33.54;51.51;44.08;15.31;8.04;81.02
28;SE;2020;94.38;3.83;98.29;2.59;6.02;2.16;183.3;42.3;85.81;3.58;35.4;49.56;40.9;20.41;11.2;83.81
28;SE;2021;70.68;3.61;80.77;1.08;4.41;1.73;140.97;33.78;30.79;3.05;28.3;40.85;56.83;17.83;8.99;66.58
35;SP;1980;;;;;4.465;;43.52;13.76;;2.78;2.79;;;;;
35;SP;1981;;;;;4.535;;55.56;16.42;;3.07;3.75;;;;;
35;SP;1982;;;;;4.494;;52.56;15.99;;3.03;3.53;;;;;
35;SP;1983;;;;;6.355;;72.9;21.87;;3.94;4.92;;;;;
35;SP;1984;;;;;6.76;;93.51;25.84;;4.15;6.8;;;;;
35;SP;1985;;;;;6.79;;94.64;25.08;;3.85;7.17;;;;;
35;SP;1986;;;;;6.644;;97.99;25.14;;3.76;7.43;;;;;
35;SP;1987;;;;;6.792;;103.7;27.18;;4.0;8.14;;;;;
35;SP;1988;;;;;6.471;;95.2;25.14;;3.88;8.18;;;;;
35;SP;1989;63.96;;;;7.75;1.0;120.6;30.21;21.09;4.37;9.29;;17.7;;;56.5
35;SP;1990;64.59;;;;7.75;1.18;122.0;30.71;21.31;4.34;9.59;;18.1;;;57.64
35;SP;1991;63.32;;;;8.41;1.41;118.8;30.66;22.29;4.94;9.93;;18.6;;;56.97
35;SP;1992;58.87;;;;6.28;0.99;111.9;28.44;20.51;3.97;9.22;;17.6;;;53.53
35;SP;1993;56.58;;;;7.06;1.4;106.6;28.21;25.15;4.39;11.26;;21.3;;;52.56
35;SP;1994;63.59;;;;7.89;1.54;119.9;30.06;28.44;4.69;12.43;;23.5;;;56.0
35;SP;1995;68.71;;;;9.61;2.15;128.4;34.29;32.78;5.63;15.31;;28.7;;;63.6
35;SP;1996;74.35;;;;9.462;1.98;138.59;36.11;33.2;5.54;15.72;;29.8;;;67.77
35;SP;1997;79.1;;;;10.84;2.29;153.22;36.08;33.63;5.83;15.47;;29.0;;;81.61
35;SP;1998;82.42;;;;10.66;2.13;154.07;39.64;38.77;5.78;17.86;;34.0;;;74.54
35;SP;1999;88.72;;;;10.452;2.47;166.31;44.01;48.86;6.18;22.38;;42.8;;;81.17
35;SP;2000;87.24;7.92;128.79;5.1;10.34;3.11;162.99;42.89;57.69;5.98;26.52;67.8;58.65;58.45;31.2;77.23
35;SP;2001;85.99;7.71;128.04;4.71;10.13;3.17;160.86;41.92;61.62;5.64;28.24;66.93;46.49;58.45;31.01;77.45
35;SP;2002;80.0;7.08;111.15;4.54;9.96;2.77;149.22;38.05;56.14;5.32;24.66;58.86;41.55;53.75;28.61;70.24
35;SP;2003;77.17;7.37;107.65;4.21;9.7;2.69;143.89;36.29;56.68;5.14;24.72;57.25;46.53;52.38;27.58;67.05
35;SP;2004;59.36;5.33;84.51;3.75;7.42;2.26;110.73;28.89;43.67;4.25;19.11;44.57;35.29;41.69;22.12;53.32
35;SP;2005;43.33;4.37;60.42;3.47;6.28;1.79;79.97;21.93;31.36;3.78;14.33;31.92;27.41;32.56;17.67;40.72
35;SP;2006;39.28;4.07;54.0;3.53;6.38;1.86;71.79;20.4;30.12;3.8;14.03;28.71;31.73;30.23;16.56;37.74
35;SP;2007;28.73;2.98;40.07;2.64;4.93;1.39;52.22;15.45;20.78;2.84;10.42;21.29;22.72;23.4;12.73;28.73
35;SP;2008;27.05;2.96;34.54;3.06;4.48;1.38;49.27;15.44;18.6;3.14;9.49;18.58;30.43;23.76;13.07;27.59
35;SP;2009;27.03;3.41;35.27;2.8;4.6;1.1;49.06;15.84;18.15;3.08;9.31;19.39;17.4;24.3;13.28;28.39
35;SP;2010;24.63;3.23;32.09;2.86;5.24;1.07;43.6;14.64;16.53;3.13;8.41;17.67;11.4;20.92;11.62;25.6
35;SP;2011;23.18;2.53;32.44;2.55;3.77;0.88;42.14;14.05;15.21;2.65;7.84;17.49;114.24;20.19;11.08;24.89
35;SP;2012;26.73;3.46;36.07;2.48;4.11;0.93;48.75;15.67;18.19;2.89;9.18;19.61;102.21;23.02;12.32;27.78
35;SP;2013;23.84;2.89;33.11;2.62;4.06;0.78;43.04;13.82;15.83;2.78;7.88;17.94;109.06;20.91;11.22;25.13
35;SP;2014;25.81;3.05;35.19;2.39;3.99;0.88;46.93;14.05;17.42;2.72;8.04;19.06;38.0;20.73;11.0;25.65
35;SP;2015;21.95;2.56;29.81;2.3;3.24;0.77;40.02;12.22;14.64;2.46;6.98;16.22;13.35;17.69;9.61;22.23
35;SP;2016;19.02;2.4;24.95;2.02;3.02;0.68;34.45;10.88;12.58;2.21;6.08;13.53;110.24;16.98;9.12;19.78
35;SP;2017;18.48;1.9;23.63;2.17;3.027;0.7;33.35;10.27;11.66;2.14;5.58;12.62;10.6;15.94;8.65;18.62
35;SP;2018;13.84;1.92;18.06;1.83;2.75;0.5;24.56;8.18;9.09;1.95;4.41;9.79;11.56;12.57;6.9;14.61
35;SP;2019;12.51;1.58;16.81;1.71;2.39;0.5;22.24;7.32;8.12;1.72;3.79;9.09;14.55;10.73;5.94;13.11
35;SP;2020;12.47;1.58;16.7;1.69;2.55;0.45;22.11;7.33;8.14;1.67;3.85;9.05;13.05;10.83;6.06;13.28
35;SP;2021;10.54;1.39;14.85;1.42;1.67;0.38;19.29;6.63;35.68;1.43;3.53;8.064;6.83;9.98;5.49;12.0
17;TO;1980;;;;;0.0;;0.0;0.0;;0.0;0.0;;;;;
17;TO;1981;;;;;0.0;;0.0;0.0;;0.0;0.0;;;;;
17;TO;1982;;;;;0.0;;0.0;0.0;;0.0;0.0;;;;;
17;TO;1983;;;;;0.0;;0.0;0.0;;0.0;0.0;;;;;
17;TO;1984;;;;;0.0;;0.0;0.0;;0.0;0.0;;;;;
17;TO;1985;;;;;0.0;;0.0;0.0;;0.0;0.0;;;;;
17;TO;1986;;;;;0.0;;0.0;0.0;;0.0;0.0;;;;;
17;TO;1987;;;;;0.0;;0.0;0.0;;0.0;0.0;;;;;
17;TO;1988;;;;;0.0;;0.0;0.0;;0.0;0.0;;;;;
17;TO;1989;9.05;;;;5.85;1.38;12.2;7.11;5.35;3.23;4.06;;6.61;;;10.8
17;TO;1990;8.86;;;;2.45;0.9;15.1;5.99;4.03;1.59;2.77;;4.54;;;10.18
17;TO;1991;12.98;;;;2.4;0.66;23.2;10.0;6.69;2.0;5.0;;9.13;;;17.63
17;TO;1992;8.59;;;;1.52;0.65;15.4;7.1;5.23;1.09;4.24;;7.64;;;12.4
17;TO;1993;13.74;;;;5.29;0.63;21.9;9.59;4.46;2.54;2.78;;4.82;;;16.29
17;TO;1994;18.18;;;;5.91;1.03;30.1;11.0;4.36;2.69;3.03;;4.92;;;18.71
17;TO;1995;13.95;;;;2.91;0.61;24.6;7.65;5.37;1.02;3.48;;6.2;;;13.95
17;TO;1996;18.57;;;;3.503;1.17;33.63;12.02;7.53;4.11;4.67;;8.0;;;20.39
17;TO;1997;17.05;;;;4.9;0.75;30.13;10.36;8.25;3.6;4.63;;8.31;;;21.57
17;TO;1998;16.54;;;;6.56;2.4;26.31;11.64;9.27;3.51;7.04;;11.4;;;19.48
17;TO;1999;20.72;;;;6.841;1.08;34.04;12.07;11.44;2.89;6.17;;11.0;;;20.57
17;TO;2000;24.7;2.44;22.64;3.18;2.96;1.38;45.24;15.15;16.37;2.75;8.35;13.08;24.63;35.71;18.84;26.14
17;TO;2001;24.89;3.3;26.79;5.68;5.75;1.86;43.02;17.89;16.78;3.88;11.06;15.66;26.4;39.75;22.31;30.27
17;TO;2002;22.38;3.58;22.57;2.7;5.05;1.16;38.83;14.08;11.74;3.31;6.88;13.5;19.45;26.71;14.64;23.56
17;TO;2003;23.22;3.77;29.15;3.15;3.83;0.81;41.66;16.58;12.55;3.57;7.97;17.07;10.7;24.64;13.6;28.06
17;TO;2004;25.91;3.04;26.95;2.43;4.29;0.96;46.5;15.8;12.3;2.87;7.92;15.52;14.8;29.79;15.53;27.26
17;TO;2005;22.64;3.27;26.05;3.55;4.21;0.94;40.21;14.55;10.03;3.28;5.97;15.3;15.07;21.51;12.37;25.15
17;TO;2006;30.66;3.64;33.42;2.48;4.15;0.92;55.99;17.19;12.67;3.38;6.38;18.81;14.47;21.78;11.97;30.3
17;TO;2007;23.52;5.27;32.18;1.14;5.63;1.21;40.62;16.63;8.26;4.23;7.08;19.06;19.01;17.32;9.07;28.25
17;TO;2008;30.21;3.36;32.76;2.5;5.57;1.49;53.79;18.51;13.62;3.12;7.65;18.55;31.03;23.17;12.82;30.66
17;TO;2009;33.15;4.59;37.83;4.65;7.52;1.75;57.71;22.37;15.71;4.53;9.91;22.01;30.43;28.59;16.36;36.11
17;TO;2010;43.43;6.01;45.74;1.59;8.96;1.29;76.54;23.64;16.59;4.89;9.47;26.79;13.85;21.99;11.35;40.45
17;TO;2011;38.87;7.23;46.38;5.36;11.39;1.84;65.33;25.77;18.95;6.95;11.28;27.68;19.99;28.15;16.06;42.39
17;TO;2012;44.09;7.29;47.4;5.24;8.38;2.52;78.57;26.73;23.5;6.86;12.56;27.57;41.63;30.28;17.52;44.42
17;TO;2013;36.04;5.27;39.97;4.44;11.3;1.66;60.0;23.61;15.72;5.52;9.88;23.07;21.92;39.74;21.71;40.84
17;TO;2014;45.4;5.0;46.08;3.67;6.86;1.77;82.41;25.45;24.39;4.77;11.76;25.58;27.5;39.07;21.7;44.97
17;TO;2015;58.59;6.59;57.8;4.61;7.81;1.75;108.18;33.2;36.65;6.46;18.22;32.5;29.01;58.65;30.27;59.04
17;TO;2016;67.43;5.09;71.43;5.66;8.73;1.86;124.94;37.64;43.68;5.98;20.35;38.49;36.37;54.68;28.89;68.46
17;TO;2017;72.38;5.3;68.66;3.54;10.123;2.36;133.52;35.93;46.58;4.99;20.51;37.73;36.8;52.72;27.12;65.85
17;TO;2018;70.4;6.14;70.67;5.29;9.69;2.46;131.21;36.65;45.43;6.1;20.64;39.01;48.42;45.67;25.9;65.59
17;TO;2019;53.07;5.27;54.95;1.7;7.31;2.05;99.33;28.99;35.54;4.61;15.89;30.25;36.16;44.82;22.37;52.48
17;TO;2020;58.75;4.6;59.44;3.62;7.25;2.02;109.0;30.43;39.16;4.43;17.48;31.86;37.91;43.87;23.39;55.96
17;TO;2021;54.95;3.52;51.94;7.89;6.34;1.75;102.12;27.43;14.29;4.88;15.74;28.04;29.56;34.92;21.34;49.6
